vibe_x_mean,vibe_y_mean,vibe_z_mean,vibe_x_max,vibe_y_max,vibe_z_max,vibe_z_std,vibe_clip_total,vibe_z_tanomaly,mag_field_mean,mag_field_max,mag_field_range,mag_field_std,mag_x_range,mag_y_range,mag_tanomaly,bat_volt_min,bat_volt_max,bat_volt_range,bat_volt_std,bat_curr_mean,bat_curr_max,bat_curr_std,bat_margin,bat_sag_ratio,volt_tanomaly,gps_hdop_mean,gps_hdop_max,gps_nsats_mean,gps_nsats_min,gps_fix_pct,gps_hdop_tanomaly,motor_spread_mean,motor_spread_max,motor_spread_std,motor_output_mean,motor_output_std,motor_max_output,motor_hover_ratio,motor_spread_tanomaly,motor_saturation_pct,motor_all_high_pct,att_roll_std,att_pitch_std,att_roll_max,att_pitch_max,att_desroll_err,att_early_divergence,att_time_to_crash_sec,ekf_vel_var_mean,ekf_vel_var_max,ekf_pos_var_mean,ekf_pos_var_max,ekf_hgt_var_mean,ekf_hgt_var_max,ekf_compass_var_mean,ekf_compass_var_max,ekf_flags_error_pct,ekf_lane_switch_count,ekf_pos_var_tanomaly,imu_acc_x_std,imu_acc_y_std,imu_acc_z_std,imu_gyr_x_std,imu_gyr_y_std,imu_gyr_z_std,ctrl_thr_out_mean,ctrl_thr_hover_ratio,ctrl_alt_error_max,ctrl_alt_error_std,ctrl_climb_rate_std,ctrl_thr_saturated_pct,sys_long_loops,sys_max_loop_time,sys_cpu_load_mean,sys_internal_errors,sys_vcc_min,sys_vcc_range,sys_vservo_min,evt_error_count,evt_failsafe_count,evt_mode_change_count,evt_unexpected_mode_changes,evt_crash_detected,evt_gps_lost_count,evt_rc_lost_count,evt_radio_failsafe_count,fft_dominant_freq_x,fft_dominant_freq_y,fft_dominant_freq_z,fft_peak_power_x,fft_peak_power_y,fft_peak_power_z,fft_noise_floor,flight_id
0.0048589387039815485,0.0054418488857941715,0.010012319509907714,0.034696485847234726,0.0685402899980545,1.4424099922180176,0.04721526455292491,0.0,-1.0,501.7868008057675,502.5156713974202,1.5106814023104675,0.22971141302546022,617.0,552.0,423494701.0,12.587977409362793,12.587977409362793,0.0,0.0,27.237425080974152,44.70185852050781,7.282149155657709,2.087977409362793,0.0,-1.0,1.2100000000000002,1.21,10.0,10.0,1.0,-1.0,0.8939782190903267,20.0,1.6141100675678415,1569.6839900713621,144.9146326039968,1747.0,4400.290594282998,-1.0,0.0,0.0,12.954442340134774,4.04824632022765,27.47,18.62,0.02080359913124421,0.22,-1.0,0.01008997828110456,0.04,0.0022773813217499225,0.04,0.004218119764194849,0.03,0.004365497983245423,0.02,0.0,0.0,-1.0,0.5914456350509273,2.3672649435305697,0.5506897748442949,0.04194903473808703,0.03881898897022778,0.044280543291601075,0.34198640579974515,0.9447833185171741,0.7367207203060389,0.04395666855383511,107.14119062163554,0.0,156.0,32487.0,0.0,0.0,0.0,0.0,0.0,0.0,0.0,4.0,2.0,0.0,0.0,0.0,0.0,0.0,0.0,0.0,0.0,0.0,0.0,0.0,f1a376e9cf
0.005086909359594759,0.005203339976784626,0.011046891763928127,0.0478193536400795,0.06635603308677673,1.6025058031082153,0.055503469431039135,0.0,-1.0,501.7355752384636,502.5226363060673,1.4936950262246569,0.22554081322030106,699.0,552.0,46594688.0,12.587977409362793,12.587977409362793,0.0,0.0,26.89648689023388,45.53274917602539,7.572861461662334,2.087977409362793,0.0,-1.0,1.2100000000000002,1.21,10.0,10.0,1.0,-1.0,0.7364485981308411,21.0,0.9781149640363686,1563.273955331412,151.86337882267378,1751.0,4480.4163078422025,-1.0,0.0,0.0,12.25868914573248,6.651350400548556,27.26,27.88,0.014618155619596538,0.1,-1.0,0.010252161383285304,0.05,0.0022694524495677237,0.03,0.004873919308357348,0.03,0.004389409221902017,0.02,0.0,0.0,-1.0,1.0799086732074823,2.1296087937158905,0.5502426187244103,0.03527516676314018,0.033831734773113166,0.040990060463909364,0.3382302785031172,0.9665343221500405,0.7256670147180557,0.04664354887078198,115.39942547617242,0.0,136.0,32487.0,0.0,0.0,0.0,0.0,0.0,3.0,2.0,4.0,1.0,0.0,0.0,0.0,2.0,0.0,0.0,0.0,0.0,0.0,0.0,0.0,0b59f56c0c
0.0046030310778599195,0.006139899944572738,0.01227101888918942,0.3359090983867645,0.7218944430351257,1.5201510190963745,0.05862357547102681,0.0,-1.0,501.7563105252819,502.51666639028,1.523652466931992,0.2594038483878937,616.0,551.0,150392319.0,12.587977409362793,12.587977409362793,0.0,0.0,26.336234597641656,44.53567886352539,8.07552466311165,2.087977409362793,0.0,-1.0,1.2100000000000002,1.21,6.435402684563758,3.0,0.49077181208053694,-1.0,0.8610867659947414,47.0,1.9246275696070771,1552.9187998321443,162.02252656227975,1745.0,4462.991425105602,-1.0,0.0,0.0,12.146079989337093,2.407679891504497,27.85,5.65,0.022408728493495608,0.12,-1.0,0.00711288292068821,0.06,0.005178346621905161,0.06,0.017666806546370123,0.25,0.004381032312211499,0.04,0.4800671422576584,0.0,-1.0,0.034102881443454,2.0061679449601737,0.5461065804394655,0.05428522700111254,0.022998265931199743,0.04020004186006931,0.32918254772054234,0.9447805664686718,1.1133041381835938,0.17098982945493643,125.32600127945771,0.0,117.0,29988.0,0.0,0.0,0.0,0.0,0.0,4.0,2.0,3.0,1.0,0.0,0.0,0.0,0.0,0.0,0.0,0.0,0.0,0.0,0.0,0.0,b8e0f86117
0.002701186604860939,0.004024018588557878,0.01312138778334641,0.3497937321662903,1.239016056060791,4.113004207611084,0.13423156673127964,0.0,-1.0,501.64438730585834,502.53258600811154,28.828036737155116,0.6709638790369417,938.0,916.0,37363382.0,12.587977409362793,12.587977409362793,0.0,0.0,25.84389187874498,71.53958892822266,13.51979163226345,2.087977409362793,0.0,-1.0,1.2100000000000004,1.21,10.0,10.0,1.0,-1.0,48.18468351133107,799.0,112.76945855992915,1531.0661970043159,213.90979578660765,1950.0,4409.7762603569345,369174771.0,0.013709063214013708,0.025387154100025386,11.111970825368402,9.694757240782378,59.77,38.6,3.0801421680629604,0.08,-1.0,0.21052805280528056,3.26,0.05742828128966744,0.88,0.0225971058644326,0.96,0.02837522213759838,0.74,0.010154861640010155,22.0,-1.0,0.48215372565254283,1.4074182331869365,4.987247422290234,0.5267749369920861,0.5234309034515349,0.19901897265413834,0.3150644838970389,0.9074242874587666,3.625000238418579,0.7546230971560547,282.3137645391152,0.006600660066006601,189.0,9996.0,0.0,0.0,0.0,0.0,0.0,28.0,2.0,7.0,3.0,0.0,0.0,0.0,0.0,0.0,0.0,0.0,0.0,0.0,0.0,0.0,08b8043a9e
0.017887715496085532,0.009145498300772669,0.02099585338725731,21.93871307373047,11.875773429870605,17.621238708496094,0.3247075780422838,0.0,-1.0,501.5970354017043,502.5425355131643,165.06512886199306,2.9804523509823526,843.0,813.0,63694512.0,12.587977409362793,12.587977409362793,0.0,0.0,24.935115904340595,69.71163177490234,14.242954248110697,2.087977409362793,0.0,-1.0,1.2100000000000002,1.21,10.0,10.0,1.0,-1.0,84.33898734177215,800.0,156.13981489819588,1526.9221797087139,218.67765882414912,1950.0,4424.003338559458,351014538.0,0.027647494445815848,0.04369291532954826,14.141224731764666,11.246830774012569,50.01,46.8,8.515561589730929,0.12,-1.0,0.1554875339422365,2.67,0.040939274253270805,0.83,0.021977289558133793,0.86,0.004732164897556159,0.14,0.0,24.0,-1.0,1.3495053370687644,1.4999404202894309,5.0046415628889545,0.45161769681296543,0.37861785917242247,0.31556758301540083,0.30388349821353394,0.8805109596935757,3.625001907348633,0.9656906480586976,284.7916049194393,0.007652431498395458,195.0,32487.0,0.0,0.0,0.0,0.0,0.0,28.0,2.0,9.0,4.0,0.0,0.0,0.0,0.0,0.0,0.0,0.0,0.0,0.0,0.0,0.0,968e44a1be
0.004949239517284027,0.004987488550274701,0.009909452477222224,0.05015193670988083,0.06374187767505646,1.2578909397125244,0.045443141150441575,0.0,-1.0,501.775072421013,502.52462626223604,1.509656426004483,0.24700326455339303,616.0,554.0,152297390.0,12.587977409362793,12.587977409362793,0.0,0.0,27.46916831668613,44.45258712768555,6.996885097642206,2.087977409362793,0.0,-1.0,1.2100000000000004,1.21,10.0,10.0,1.0,-1.0,0.7456221198156682,15.0,1.0766870611804893,1573.9068831942789,140.08045364200572,1744.0,4554.9491321290925,-1.0,0.0,0.0,13.108255722458829,6.308049375305741,27.47,29.13,0.017836710369487484,0.12,-1.0,0.008548867699642432,0.06,0.002860548271752086,0.04,0.004117997616209772,0.03,0.007446364719904647,0.01,0.0,0.0,-1.0,1.0248237577687567,2.224321482100029,0.5579911609759729,0.0319100337176444,0.033112438938586064,0.044160050247653675,0.34542471553943827,1.0002800281731092,0.6931653209030628,0.04167358619511165,104.80800272360418,0.0,165.0,34986.0,0.9411764705882353,0.0,0.0,0.0,0.0,1.0,0.0,5.0,2.0,0.0,0.0,0.0,0.0,0.0,0.0,0.0,0.0,0.0,0.0,0.0,490df34865
0.0044805639802645335,0.005608064994626379,0.010210965486232347,0.0212539229542017,0.06941662728786469,1.2547519207000732,0.04671943310353365,0.0,-1.0,501.7540480955855,502.5146764025903,1.5685715170447452,0.24755014419436144,617.0,553.0,111509545.0,12.587977409362793,12.587977409362793,0.0,0.0,28.106591602777847,45.28348159790039,5.411673977468972,2.087977409362793,0.0,-1.0,1.2100000000000004,1.21,10.0,10.0,1.0,-1.0,0.7385988103106411,15.0,1.0609688390246286,1587.933002878158,104.08543476762377,1748.0,4588.20565869484,-1.0,0.0,0.0,12.914004383248221,3.102510388440127,27.24,12.23,0.015661764705882333,0.11,-1.0,0.009950439648281375,0.04,0.0026986410871302955,0.03,0.006594724220623501,0.04,0.0031143085531574735,0.01,0.0,0.0,-1.0,0.37480719750149083,2.444626775683331,0.5508313778574659,0.03899377780613695,0.02593936828914858,0.04392970451326278,0.35276906372798555,1.0202881664862131,0.693244494497776,0.04255196417365438,108.67465066358224,0.0,155.0,47481.0,0.0,0.0,0.0,0.0,0.0,0.0,0.0,4.0,2.0,0.0,0.0,0.0,0.0,0.0,0.0,0.0,0.0,0.0,0.0,0.0,a07f114aee
0.00750385366729761,0.005143104840601736,0.012951107167425428,0.06535068154335022,0.03444477543234825,1.6048433780670166,0.05975514529662195,0.0,-1.0,501.78362958755497,502.48582069546995,1.4888147163922554,0.30175417720579556,806.0,502.0,151294458.0,12.587977409362793,12.587977409362793,0.0,0.0,25.923360642356442,45.03421401977539,8.489171109045142,2.087977409362793,0.0,-1.0,1.21,1.21,10.0,10.0,1.0,-1.0,4.230561797752809,108.0,11.978721242508803,1545.2096947549442,168.22615274020558,1747.0,4465.4222203194495,-1.0,0.0,0.0,2.9284634938310106,11.666249341957188,24.35,28.48,0.18201203783319003,0.21000000000000002,-1.0,0.013039552880481512,0.05,0.0014316423043852107,0.03,0.00979793637145314,0.03,0.00645743766122098,0.04,0.0,0.0,-1.0,2.1416455560760346,0.2949299763760601,0.5937510478919935,0.02344562610243657,0.05051842910716276,0.17040671792858922,0.3236103447678484,0.93511990852377,0.7264939919114113,0.05672541919983371,151.43893248032688,0.0,116.0,32487.0,0.0,0.0,0.0,0.0,0.0,0.0,0.0,2.0,0.0,0.0,0.0,0.0,0.0,0.0,0.0,0.0,0.0,0.0,0.0,0.0,c928d46936
0.00753393272601455,0.005087558119772143,0.012762830771542803,0.06546865403652191,0.03446626290678978,1.6340243816375732,0.0591043093538156,0.0,-1.0,501.78412005594623,502.4798503422799,1.4119906665669077,0.2914633697848845,804.0,503.0,759827614.0,12.587977409362793,12.587977409362793,0.0,0.0,25.626310611892542,43.870967864990234,8.821039893489882,2.087977409362793,0.0,-1.0,1.2100000000000002,1.21,10.0,10.0,1.0,-1.0,4.56859285399206,108.0,12.848993750903803,1540.2671030405406,172.85922931002244,1740.0,4456.211783734568,-1.0,0.0,0.0,2.7382670745907323,10.834115762052448,24.21,28.47,0.19043074324324322,0.07,-1.0,0.011642736486486487,0.06,0.0010726351351351352,0.02,0.009983108108108107,0.04,0.006049408783783784,0.04,0.0,0.0,-1.0,1.75014345531343,0.265407437115652,0.5489169642235939,0.02230155012728024,0.057440887244295254,0.17380616144383151,0.3168426962741226,0.916033741752299,1.501953125,0.08358529522114089,150.3343160055714,0.0,117.0,34986.0,0.0,0.0,0.0,0.0,0.0,3.0,2.0,4.0,1.0,0.0,0.0,0.0,2.0,0.0,0.0,0.0,0.0,0.0,0.0,0.0,877e432d0d
0.007108843468583334,0.0052618603364532725,0.01400041194920398,0.2212255895137787,0.22912418842315674,1.4568960666656494,0.061125600336572807,0.0,-1.0,501.78024035980854,502.47885527651806,1.677497450882754,0.3041155609171775,807.0,504.0,1214358229.0,12.587977409362793,12.587977409362793,0.0,0.0,25.60540757090939,43.289344787597656,8.860445178398894,2.087977409362793,0.0,-1.0,1.2100000000000002,1.21,7.572897196261683,3.0,0.6532710280373831,-1.0,5.1117647058823525,111.0,13.687523258948074,1539.2763895375992,175.30585695496376,1734.0,4462.938699674404,-1.0,0.0,0.0,2.263965567737348,11.766591557202485,24.45,28.63,0.2105511443250817,0.05,-1.0,0.012092480149462867,0.06,0.0033045305931807562,0.03,0.023792620270901448,0.27,0.006485287248949088,0.03,0.31480616534329753,0.0,-1.0,1.922234764481824,0.08171392596920196,0.6266006417667606,0.023894245757732222,0.049760697584891614,0.18355430900622052,0.3161202960651775,0.9151792873096098,1.1209373474121094,0.18164037006635161,155.76397219478622,0.0,102.0,32487.0,0.0,0.0,0.0,0.0,0.0,2.0,1.0,3.0,1.0,0.0,0.0,0.0,0.0,0.0,0.0,0.0,0.0,0.0,0.0,0.0,c7194c9a83
0.005417099052967981,0.00321672646962392,0.01654450015677003,1.9884288311004639,0.36765751242637634,4.321682929992676,0.16134385606697452,0.0,-1.0,501.69018616810985,502.50373132943,34.13421908509105,0.8426029026304435,923.0,939.0,119789565.0,12.587977409362793,12.587977409362793,0.0,0.0,23.644619997121453,71.53958892822266,14.530350251882146,2.087977409362793,0.0,-1.0,1.2100000000000002,1.21,10.0,10.0,1.0,-1.0,66.08778506716651,646.0,119.6839667631174,1502.7983040581466,216.6973372454352,1950.0,4366.59194425807,360700662.0,0.013325257419745608,0.029376135675348275,11.123891042680743,10.803253362741424,51.41,43.45,3.135514839491217,0.21000000000000002,-1.0,0.21415505754088435,3.21,0.05638400969109632,0.85,0.027922471229557846,0.97,0.026390066626287102,1.21,0.0,20.0,-1.0,1.6105946296316378,0.48370049863720177,4.995922637311823,0.5275375222228698,0.4967145534617545,0.1853416933065618,0.281696451700279,0.8185086803724043,3.625,0.7774168669231285,310.16564210974985,0.006662628709872804,164.0,27489.0,0.0,0.0,0.0,0.0,0.0,28.0,2.0,4.0,2.0,0.0,0.0,0.0,0.0,0.0,0.0,0.0,0.0,0.0,0.0,0.0,1a13cf4880
0.0039915856369757505,0.0026435075888867183,0.012130930519604963,1.4822205305099487,0.3371560275554657,4.189691543579102,0.13925584924883042,0.0,-1.0,501.71922685016256,502.4768651390828,28.43361816682608,0.8252383550103937,898.0,953.0,101194506.0,12.587977409362793,12.587977409362793,0.0,0.0,24.89141016203976,71.45649719238281,13.844017700217004,2.087977409362793,0.0,-1.0,1.2100000000000004,1.21,10.0,10.0,1.0,-1.0,123.23116803903629,800.0,186.2773142620143,1522.676553254438,212.96628212013425,1950.0,4424.3509945391925,329504812.0,0.020118343195266272,0.05118343195266272,11.526410339382501,10.692055286579748,50.64,39.17,4.382784023668639,0.22000000000000003,-1.0,0.17108431952662723,3.29,0.05232100591715977,0.93,0.020497041420118343,0.99,0.022480769230769235,0.91,0.0,16.0,-1.0,1.4885111435623812,0.5057937002639101,5.302436625142599,0.31864917310861357,0.2580197265456622,0.1933699469032466,0.27485684403366434,0.7986352378363859,3.625,0.8093895745224472,320.1442277718944,0.010650887573964497,166.0,32487.0,0.0,0.0,0.0,0.0,0.0,22.0,2.0,6.0,3.0,0.0,0.0,0.0,0.0,0.0,0.0,0.0,0.0,0.0,0.0,0.0,f34756e15d
0.0074846342273274585,0.005169596411057705,0.012957171169779874,0.06605159491300583,0.03567436337471008,1.6648709774017334,0.05806243459217782,0.0,-1.0,501.7821794984965,502.4848256415312,1.5307359287112945,0.27396184050818284,805.0,504.0,73094084.0,12.587977409362793,12.587977409362793,0.0,0.0,25.919201973596014,45.53274917602539,8.495748172855906,2.087977409362793,0.0,-1.0,1.21,1.21,10.0,10.0,1.0,-1.0,4.365173473869126,108.0,12.393965874548117,1545.1555316863587,168.23676119828107,1752.0,4480.390259248946,-1.0,0.0,0.0,2.9259977919980042,11.668543653613005,24.41,28.59,0.18665950590762623,0.17,-1.0,0.013512352309344791,0.05,0.0015037593984962407,0.04,0.009931256713211602,0.03,0.0037089151450053707,0.04,0.0,0.0,-1.0,2.13783780501899,0.30159486911543215,0.5979504272176132,0.023848749318324192,0.05019770665980196,0.17273240888915237,0.3219543575211527,0.9340102702064197,0.7275440022349358,0.05716794023729984,151.22438406505407,0.0,227.0,32487.0,0.0,0.0,0.0,0.0,0.0,3.0,0.0,5.0,0.0,0.0,0.0,0.0,0.0,0.0,0.0,0.0,0.0,0.0,0.0,0.0,6f4fc80344
0.007513896088200246,0.005172111445543236,0.01294955849093087,0.06646900624036789,0.03501595929265022,1.5449426174163818,0.058195144844325766,0.0,-1.0,501.80625578370876,502.5415405715233,1.4656980087431748,0.3043816305673479,806.0,503.0,705920852.0,12.587977409362793,12.587977409362793,0.0,0.0,26.046799383046622,43.621700286865234,8.315806312887448,2.087977409362793,0.0,-1.0,1.21,1.21,10.0,10.0,1.0,-1.0,4.5598923283983845,108.0,12.753543554835883,1547.3618505796478,165.55752808428076,1738.0,4493.342224790222,-1.0,0.0,0.0,2.938542489179148,11.660973864690584,24.4,28.46,0.1879776728209532,0.23,-1.0,0.01301416917131816,0.06,0.0017389437526835554,0.03,0.011691713181623013,0.04,0.007544010304851868,0.04,0.0,0.0,-1.0,2.1401057481933607,0.2942150927603213,0.5997185648587969,0.02370128092960265,0.050407917296720305,0.17383426367713162,0.32133296222940644,0.9321931577572664,0.7328807786107063,0.05568812459096832,150.46792935496003,0.0,111.0,29988.0,0.0,0.0,0.0,0.0,0.0,0.0,0.0,2.0,0.0,0.0,0.0,0.0,0.0,0.0,0.0,0.0,0.0,0.0,0.0,0.0,b2692957a1
0.006340147362217953,0.00495406661151349,0.012539000213416468,0.03283968195319176,0.028660157695412636,1.4669593572616577,0.05681082212780793,0.0,-1.0,501.7580579192786,502.5156713974202,1.5216594571575683,0.242952549616536,719.0,698.0,623394709.0,12.587977409362793,12.587977409362793,0.0,0.0,25.861064144047834,45.36656951904297,8.346424156386462,2.087977409362793,0.0,-1.0,1.2100000000000002,1.21,10.0,10.0,1.0,-1.0,4.791898332009532,157.0,15.35079555063256,1545.5191867124856,163.79988394408153,1749.0,4479.7591954489935,-1.0,0.0,0.0,2.982628506956315,5.895392132038001,17.1,26.07,0.08094692630775105,0.08,-1.0,0.013424971363115691,0.07,0.000958381061473845,0.02,0.009889270714012981,0.03,0.004753722794959908,0.02,0.0,0.0,-1.0,1.0362271701863282,0.28193835054695315,0.3621603558405859,0.030374292894377278,0.045488409120808454,0.1931839683630609,0.32160164000021607,0.9340832939114841,0.6976693216711283,0.05411703160766859,153.11525436011766,0.0,127.0,32487.0,0.0,0.0,0.0,0.0,0.0,0.0,0.0,2.0,0.0,0.0,0.0,0.0,0.0,0.0,0.0,0.0,0.0,0.0,0.0,0.0,cec7e077eb
0.006527515389868325,0.004596321622202702,0.01256965213434359,0.04594260826706886,0.02322554960846901,1.465704321861267,0.05456442820694674,0.0,-1.0,501.7754651604982,502.54651526003045,1.6093934573036108,0.24340524886587314,850.0,608.0,164091004.0,12.587977409362793,12.587977409362793,0.0,0.0,26.07649953392986,43.78787612915039,8.070730285069107,2.087977409362793,0.0,-1.0,1.21,1.21,10.0,10.0,1.0,-1.0,3.0272835112692764,113.0,8.713104837118546,1549.5481171548117,159.44131809303792,1740.0,4491.918779461451,-1.0,0.0,0.0,2.498796650746247,6.7503415999929395,9.49,27.33,0.0610117915557246,0.19,-1.0,0.012076835298592619,0.04,0.0005439330543933055,0.02,0.009756561430201597,0.03,0.008413845568657282,0.04,0.0,0.0,-1.0,1.2618315657443482,0.17948122312842657,0.3880526600993965,0.02563557315089809,0.04583952242565227,0.14295363825523297,0.32345516297869886,0.9375822477253989,1.4836349487304688,0.08049308975720225,153.56061424980396,0.0,126.0,29988.0,0.0,0.0,0.0,0.0,0.0,2.0,1.0,3.0,1.0,0.0,0.0,0.0,1.0,0.0,0.0,0.0,0.0,0.0,0.0,0.0,b62f057714
0.006735754977979233,0.005308821517571801,0.013011416073849705,0.4028133451938629,0.4012259542942047,1.3963590860366821,0.054714024752720365,0.0,-1.0,501.700628618466,502.52462626223604,1.4986788303689877,0.27392786124067225,719.0,698.0,573617128.0,12.587977409362793,12.587977409362793,0.0,0.0,25.977127796339865,45.53274917602539,8.181086455594164,2.087977409362793,0.0,-1.0,1.2100000000000002,1.21,7.948910593538693,3.0,0.7069872276483846,-1.0,4.303006638032019,157.0,14.380326093072545,1547.5924117205109,160.9474568665017,1752.0,4492.713900089276,-1.0,0.0,0.0,2.943449967595098,5.921532503783548,17.0,26.16,0.07369271224643126,0.05,-1.0,0.010522163786626597,0.04,0.0023234410217881293,0.05,0.019821562734785875,0.27,0.004797145003756574,0.02,0.26746806912096166,0.0,-1.0,1.0224774687699567,0.28095753367348286,0.39273202963945547,0.0301750002850805,0.04530736786309319,0.15640072120305426,0.31954945320092776,0.9267255935506338,1.0917434692382812,0.16263612931648921,150.2368574609193,0.0,127.0,27489.0,0.0,0.0,0.0,0.0,0.0,2.0,1.0,3.0,1.0,0.0,0.0,0.0,0.0,0.0,0.0,0.0,0.0,0.0,0.0,0.0,00f51c1d50
0.004060412398953181,0.0026762355099398194,0.012924477257058194,0.9033440947532654,0.3638639748096466,6.07915735244751,0.14276728207098902,0.0,-1.0,501.41609937459265,502.54651526003045,133.3081098902748,4.728087728776038,920.0,939.0,76993357.0,12.587977409362793,12.587977409362793,0.0,0.0,23.868271723665938,71.62267303466797,15.816508352296838,2.087977409362793,0.0,-1.0,1.2100000000000002,1.21,10.0,10.0,1.0,-1.0,68.62912509593247,800.0,129.23889759412626,1508.6119634789156,223.46695385095842,1950.0,4379.552320644705,427614719.0,0.054028614457831324,0.06099397590361446,42.31718831083269,13.150758757643164,179.94,69.73,22.7818844126506,0.21000000000000002,367.121426,0.20701995481927712,4.33,0.05332360692771084,2.13,0.03274472891566265,1.0,0.01167639307228916,0.18,0.0,32.0,340214693.0,1.1474275344599485,0.4726119286260902,5.060637659843744,0.7211212087974271,0.36615462687522893,0.19929375663300125,0.29431882707499807,0.8544176589673123,3.6250038146972656,0.9662412544274628,326.48694799253155,0.017131024096385544,257.0,32487.0,0.0,0.0,0.0,0.0,0.0,46.0,4.0,3.0,1.0,0.0,0.0,0.0,0.0,0.0,0.0,0.0,0.0,0.0,0.0,0.0,2de8b38fc2
0.012405632459640482,0.01569153240288438,0.022325136252111372,20.121788024902344,17.69408416748047,17.996068954467773,0.3413459697457469,0.0,-1.0,501.48190706528686,502.5097013988884,145.06180309761152,4.592490466188312,835.0,955.0,122815854.0,12.587977409362793,12.587977409362793,0.0,0.0,23.893712666692632,71.29032135009766,13.103583859478645,2.087977409362793,0.0,-1.0,1.2100000000000004,1.21,10.0,10.0,1.0,-1.0,87.11328125,800.0,163.33604130923672,1511.8902008686212,207.9004658846438,1950.0,4389.341819277645,389638249.0,0.024158523344191097,0.021444082519001085,13.812351432440321,10.144831128627395,52.85,43.66,12.494212812160695,0.21000000000000002,-1.0,0.13629207383279046,3.08,0.03553745928338762,0.89,0.021714169381107495,0.93,0.007084690553745929,0.09,0.0,20.0,-1.0,1.4082840881721206,1.0194383352352632,5.36197059739834,0.4366638103711319,0.27307259162990805,0.2688973243398,0.2868814686489616,0.8328745855434856,3.625,0.7414047087414468,272.69756336086436,0.005700325732899023,180.0,54978.0,0.0,0.0,0.0,0.0,0.0,22.0,2.0,3.0,1.0,0.0,0.0,0.0,0.0,0.0,0.0,0.0,0.0,0.0,0.0,0.0,1898339bb4
0.006115844433489203,0.004882504053540039,0.011411280775044046,0.033190324902534485,0.02830325812101364,1.653770923614502,0.05417050997052055,0.0,-1.0,501.70936632089905,502.46293395632676,1.474910147373805,0.25058612016006077,719.0,667.0,643590794.0,12.587977409362793,12.587977409362793,0.0,0.0,23.620762246887214,44.36949920654297,10.796057190542893,2.087977409362793,0.0,-1.0,1.2100000000000002,1.21,10.0,10.0,1.0,-1.0,4.456584659913169,157.0,15.148705605883148,1500.928596368715,213.69025791107663,1744.0,4360.9711819348,-1.0,0.0,0.0,2.872744489853877,5.859043482098061,17.1,26.24,0.07816689944134078,0.04,-1.0,0.011351256983240222,0.06,0.000649441340782123,0.02,0.009237081005586591,0.03,0.008692388268156423,0.04,0.0,0.0,-1.0,1.0197721723466153,0.266722325317902,0.34247071611177565,0.029332593768801027,0.04311824544949438,0.18175644066926616,0.29039170662978175,0.8432374235335459,0.7273539304733276,0.05276534955521946,146.31676719659714,0.0,135.0,29988.0,0.0,0.0,0.0,0.0,0.0,1.0,0.0,5.0,1.0,0.0,0.0,0.0,0.0,0.0,0.0,0.0,0.0,0.0,0.0,0.0,bf8bb1c722
0.006354245949744163,0.004963790348793334,0.012298637479422945,0.03257789462804794,0.028126852586865425,1.3320622444152832,0.0514216865554296,0.0,-1.0,501.7256802792807,502.54651526003045,1.6423328059407254,0.2610392343335912,719.0,698.0,86494555.0,12.587977409362793,12.587977409362793,0.0,0.0,26.126781330164235,45.61583709716797,7.968150955084852,2.087977409362793,0.0,-1.0,1.2100000000000002,1.21,10.0,10.0,1.0,-1.0,4.828433346757954,158.0,15.473346480681021,1550.0540828173375,158.40640785983078,1753.0,4488.880354791843,-1.0,0.0,0.0,2.99233761497144,5.9010592131052775,17.13,26.07,0.07996517027863778,0.25,-1.0,0.013076625386996906,0.06,0.0008900928792569658,0.02,0.011282894736842105,0.04,0.005814628482972136,0.03,0.0,0.0,-1.0,1.0384111651321235,0.2834883263090144,0.3602436573496627,0.030516810207012864,0.04571308937866238,0.1944515391212055,0.32538143475179565,0.9445489380717196,0.6969650983810425,0.05421088574700222,154.33562515157823,0.0,126.0,32487.0,0.0,0.0,0.0,0.0,0.0,0.0,0.0,3.0,0.0,0.0,0.0,0.0,0.0,0.0,0.0,0.0,0.0,0.0,0.0,0.0,828ade24f2
0.014499108165822783,0.009121652415840467,0.013244457369375011,0.06132369115948677,0.04524074122309685,1.6724563837051392,0.052146717381842116,0.0,-1.0,501.69361248731917,502.48582069546995,1.5826364372742319,0.2633384749104636,748.0,774.0,318690806.0,12.587977409362793,12.587977409362793,0.0,0.0,26.810577343209214,44.36949920654297,7.394579187181547,2.087977409362793,0.0,-1.0,1.2100000000000002,1.21,10.0,10.0,1.0,-1.0,13.611074918566775,148.0,22.817328858538346,1561.5236593059938,146.86325559520574,1743.0,4519.104183969572,-1.0,0.0,0.0,4.937889503028723,10.273959974922558,22.86,28.17,0.7158328075709779,0.09,-1.0,0.007457413249211357,0.06,0.0010662460567823343,0.03,0.004326498422712932,0.03,0.007769716088328074,0.05,0.0,0.0,-1.0,1.6836559039841803,0.42088708156671906,0.4693288850376868,0.02765250623948759,0.08322971259171819,0.39809356357133013,0.33326595611635257,0.9651637347465889,0.7131797112524509,0.043024795513414336,106.89403980858395,0.0,155.0,29988.0,0.0,0.0,0.0,0.0,0.0,0.0,0.0,2.0,0.0,0.0,0.0,0.0,0.0,0.0,0.0,0.0,0.0,0.0,0.0,0.0,c80dae9e7b
0.01391466853094496,0.008874043668338572,0.013544522316751876,0.06144336611032486,0.045917630195617676,1.5934643745422363,0.05340028326427079,0.0,-1.0,501.7319266013759,502.48283552774217,1.6335568020959954,0.2359648391982375,746.0,748.0,1294222104.0,12.587977409362793,12.587977409362793,0.0,0.0,26.56812162457624,45.61583709716797,7.767612562788883,2.087977409362793,0.0,-1.0,1.2100000000000002,1.21,10.0,10.0,1.0,-1.0,12.18235511258767,120.0,21.407590831529397,1556.7943060498221,154.46324939097582,1753.0,4516.376385444213,-1.0,0.0,0.0,4.6998052175881675,10.52637068723116,22.96,28.29,0.6635765124555161,0.22,-1.0,0.009206405693950178,0.06,0.0013416370106761567,0.03,0.005144128113879002,0.03,0.007980427046263344,0.06,0.0,0.0,-1.0,1.6455178966598267,0.3745179594096349,0.47037689641896774,0.03118547319555003,0.08562285664273166,0.3797141832506237,0.32775271831053804,0.950363625534644,0.7217045351862907,0.045051200578955376,113.77921995182528,0.0,136.0,32487.0,0.0,0.0,0.0,0.0,0.0,2.0,1.0,3.0,1.0,0.0,0.0,0.0,1.0,0.0,0.0,0.0,0.0,0.0,0.0,0.0,bf2380bfbf
0.015346826689434916,0.00945520982874188,0.014366577522302415,0.4506041407585144,0.4953952431678772,1.6526365280151367,0.05489773501941379,0.0,-1.0,501.73678040219954,502.48383058562194,1.585637336734294,0.2763918549512897,747.0,707.0,1745050034.0,12.587977409362793,12.587977409362793,0.0,0.0,26.645328918914934,44.36949920654297,7.710710524872021,2.087977409362793,0.0,-1.0,1.2100000000000002,1.21,7.420547945205479,3.0,0.6315068493150685,-1.0,14.566512947853848,123.0,23.057374640243836,1558.015587529976,153.03697747630483,1745.0,4526.638412085735,-1.0,0.0,0.0,4.581404926613669,10.533850349971463,22.95,28.13,0.7578958190541467,0.23,-1.0,0.005402535114765331,0.06,0.0017197670435080505,0.04,0.013203151764302845,0.27,0.00829907502569373,0.06,0.3446385748544022,2.0,-1.0,1.626785787666744,0.2315980490938199,0.4982065799904645,0.02270738553346321,0.0868609281951665,0.4094508957570778,0.3283023119602809,0.953649218452528,1.1160125732421875,0.16051598383031382,110.79564844914655,0.0,141.0,29988.0,0.0,0.0,0.0,0.0,0.0,4.0,1.0,3.0,1.0,0.0,0.0,0.0,0.0,0.0,0.0,0.0,0.0,0.0,0.0,0.0,21b895177a
0.012924691979214298,0.007710975922651311,0.016197816745341063,0.3611828684806824,0.36087048053741455,4.559482574462891,0.13595265091354394,0.0,-1.0,501.659824883065,502.54651526003045,62.45447943115977,1.5497411285995462,959.0,919.0,84284606.0,12.587977409362793,12.587977409362793,0.0,0.0,23.94570023701719,71.45649719238281,12.987608916376477,2.087977409362793,0.0,-1.0,1.21,1.21,10.0,10.0,1.0,-1.0,64.45966054405952,731.0,117.91072037688693,1514.360006815084,198.21217832157552,1950.0,4395.674720628363,415505398.0,0.01113130395274875,0.01749204906860518,8.622634661178639,10.695731635614514,40.46,55.76,2.5051635620172648,0.21000000000000002,-1.0,0.15258064516129033,3.98,0.04564288959563834,0.87,0.0196104043616538,1.04,0.02061790095411177,1.34,0.0,14.0,-1.0,1.8062924768278643,0.5644078385597805,5.3403479672503344,0.37515949446063396,0.4529365271406902,0.34493183813071654,0.2864791471977038,0.8316537964989378,3.625,0.6873327036600277,246.06257987362278,0.004770558836892321,218.0,22491.0,0.0,0.0,0.0,0.0,0.0,24.0,2.0,2.0,0.0,0.0,0.0,0.0,0.0,0.0,0.0,0.0,0.0,0.0,0.0,0.0,1a71f0d40e
0.010308493561529962,0.006245307964678756,0.013467709229396975,0.35025137662887573,0.3500109612941742,4.037039756774902,0.12635214640188352,0.0,-1.0,501.6990405611352,502.5067163730252,19.804945089761702,0.49510632929066273,917.0,921.0,78593550.0,12.587977409362793,12.587977409362793,0.0,0.0,26.830617896229874,71.53958892822266,11.767343201312114,2.087977409362793,0.0,-1.0,1.2100000000000004,1.21,10.0,10.0,1.0,-1.0,47.1402394331786,692.0,111.89466782493881,1552.6553780109707,181.14662583874082,1950.0,4503.653365564367,436415364.0,0.01454805628428333,0.02337228714524207,9.740483585409075,10.407581686799169,55.53,40.87,2.7018530884808016,0.13,-1.0,0.15389935606963986,3.64,0.04106606248509421,0.81,0.015468638206534704,1.07,0.01939899833055092,0.75,0.0,6.0,-1.0,1.814537805902659,0.5673112652103189,5.312413845621258,0.3947179250809268,0.365607623091421,0.3478005352016748,0.32615069457833773,0.9461924600074185,3.625000238418579,0.6179457478443622,283.3939455885127,0.00667779632721202,206.0,32487.0,0.0,0.0,0.0,0.0,0.0,8.0,2.0,2.0,0.0,0.0,0.0,0.0,0.0,0.0,0.0,0.0,0.0,0.0,0.0,0.0,cf0c36dbab
0.014584915983434837,0.009201455993949009,0.012974260907409654,0.06108632683753967,0.04524841904640198,1.2884424924850464,0.0464445399821411,0.0,-1.0,501.7567022051104,502.5355708803109,1.6184120606114334,0.2675526460651881,746.0,780.0,77994623.0,12.587977409362793,12.587977409362793,0.0,0.0,26.83823250981311,44.53567886352539,7.360615930918675,2.087977409362793,0.0,-1.0,1.2100000000000004,1.21,10.0,10.0,1.0,-1.0,13.704225352112676,148.0,22.880354402564436,1561.9856531388714,146.42573513631643,1746.0,4521.975141966418,-1.0,0.0,0.0,4.982913084686245,10.28089569406664,22.96,28.22,0.7273335447051362,0.23,-1.0,0.008218135700697527,0.06,0.0012650602409638556,0.02,0.004340519974635383,0.02,0.011309448319594165,0.05,0.0,0.0,-1.0,1.6888276942446165,0.43228996562368766,0.47089835504196714,0.028156260183765477,0.08346614145844646,0.39916192270718126,0.3335449413010188,0.966850479634606,0.708063755184412,0.04280918081113553,107.20515962149739,0.0,155.0,32487.0,0.0,0.0,0.0,0.0,0.0,1.0,0.0,3.0,0.0,0.0,0.0,0.0,0.0,0.0,0.0,0.0,0.0,0.0,0.0,0.0,9468ec036a
0.01387121741400083,0.008841514050961362,0.012385180499329407,0.06175985559821129,0.04581557214260101,1.6120023727416992,0.0487139914214019,0.0,-1.0,501.66945370660466,502.5067163730252,1.6963730293598474,0.24037015391139388,749.0,759.0,490542871.0,12.587977409362793,12.587977409362793,0.0,0.0,24.86815993390406,44.03714370727539,9.959692999907716,2.087977409362793,0.0,-1.0,1.2100000000000006,1.21,10.0,10.0,1.0,-1.0,12.45396729254997,118.0,21.607060945112057,1523.0376138701147,197.8843200941393,1741.0,4416.840303357134,-1.0,0.0,0.0,4.857327955743698,10.126515899229034,22.95,28.34,0.6552600646488392,0.06,-1.0,0.007704966206288568,0.06,0.0011519247722597708,0.03,0.005023508668821628,0.04,0.009096385542168675,0.05,0.0,0.0,-1.0,1.6511030779420983,0.4139500094347812,0.45161472712302436,0.027301690550454793,0.08023543887062617,0.38744560747881607,0.30675008070134907,0.8894220419224651,0.7109379880130291,0.04092373063957731,103.00109565738745,0.0,169.0,49980.0,0.0,0.0,0.0,0.0,0.0,0.0,0.0,3.0,0.0,0.0,0.0,0.0,0.0,0.0,0.0,0.0,0.0,0.0,0.0,0.0,6f637ab492
0.005115235602109779,0.004729809790396796,0.009099325907507297,0.035978712141513824,0.04904024675488472,1.5857775211334229,0.04101649222181514,0.0,-1.0,501.93096958787555,502.6818079063534,1.6289164866950046,0.2840634869086254,591.0,750.0,683992127.0,12.587977409362793,12.587977409362793,0.0,0.0,28.241333592448758,45.53274917602539,6.213127550156436,2.087977409362793,0.0,-1.0,1.21,1.21,10.0,10.0,1.0,-1.0,0.9486099410278012,46.0,2.0364962408115748,1588.547484017323,122.69664358506984,1752.0,4584.760314068809,-1.0,0.0,0.0,6.279107615810481,13.614523122746306,27.86,29.88,0.032540730047432465,0.22000000000000003,-1.0,0.005429985564033821,0.05,0.0032480923901835428,0.04,0.0028160445452670656,0.02,0.007273664673128479,0.03,0.0,0.0,-1.0,2.2463935391173764,1.0230942802375984,0.6039882791293167,0.026697847511455937,0.025709376682245533,0.038558349430641944,0.3589347800034459,1.040572628040178,0.7033647242933512,0.03635327344240464,86.52000723560188,0.0,232.0,29988.0,0.0,0.0,0.0,0.0,0.0,0.0,0.0,2.0,0.0,0.0,0.0,0.0,0.0,0.0,0.0,0.0,0.0,0.0,0.0,0.0,287b489011
0.00509514358991278,0.0051636997880340155,0.009778084682962127,0.06405597180128098,0.04728013277053833,1.5510555505752563,0.04651702148974378,0.0,-1.0,501.827515738941,502.63406171886123,1.578176612219636,0.3193636810603783,837.0,647.0,4526222953.0,12.587977409362793,12.587977409362793,0.0,0.0,27.595796190634864,43.70478820800781,7.114909764117541,2.087977409362793,0.0,-1.0,1.2100000000000004,1.21,10.0,10.0,1.0,-1.0,1.8180281690140845,144.0,9.130114946088247,1576.3840728567516,140.48775247670648,1738.0,4555.23918866161,-1.0,0.0,0.0,9.815162397872315,13.146267867634247,27.32,29.17,0.08725554642563679,0.14,-1.0,0.006715968227882772,0.06,0.0023664749383730485,0.04,0.0038770199945220487,0.03,0.004812380169816489,0.05,0.0,0.0,-1.0,2.1559205005391804,1.6379699941296466,0.6218678478921461,0.025855293205819835,0.03039115927311489,0.09944903601573865,0.3471516124666032,1.0035164023539447,0.7194171342998743,0.04063086386762769,99.7027374082662,0.0,174.0,33320.0,0.0,0.0,0.0,0.0,0.0,2.0,1.0,3.0,1.0,0.0,0.0,0.0,1.0,0.0,0.0,0.0,0.0,0.0,0.0,0.0,ee7870c8d0
0.005642971615673967,0.004508980630607493,0.009575376598109501,0.4665612280368805,0.43186402320861816,1.3163371086120605,0.03991855535724608,0.0,-1.0,501.9225038938064,502.6857865506046,1.5730247893419005,0.2855504201526855,548.0,695.0,41363448.0,12.587977409362793,12.587977409362793,0.0,0.0,27.110565170971697,44.70185852050781,8.108362540195081,2.087977409362793,0.0,-1.0,1.21,1.21,8.022202873313017,3.0,0.717457553330431,-1.0,0.9951045838896306,56.0,2.4668650749318384,1565.7338376142795,162.801166149373,1748.0,4534.699876599387,-1.0,0.0,0.0,1.9171852884017955,13.980001018428954,14.31,29.86,0.03495211144971702,0.09,-1.0,0.004016107966913366,0.03,0.019302350892468435,0.09,0.009765999129299086,0.25,0.007988680888114932,0.05,0.2674140182847192,2.0,-1.0,2.3028591276482357,0.036430459624778845,0.6293724454865914,0.020180042646412495,0.045079168328674236,0.03821806589714397,0.34242239110540607,0.9913669049795453,1.100677490234375,0.12913260995701395,90.44990709533005,0.0,226.0,3332.0,0.0,0.0,0.0,0.0,0.0,4.0,1.0,6.0,1.0,0.0,0.0,0.0,0.0,0.0,0.0,0.0,0.0,0.0,0.0,0.0,26cc9f99ad
0.0046359356442064025,0.0031531576832205645,0.010170259681746148,1.8951196670532227,0.3282754719257355,4.171725749969482,0.10440560214888911,0.0,-1.0,501.61838677168214,502.66688770994256,188.98233278254418,5.4606733577388535,900.0,923.0,50794674.0,12.587977409362793,12.587977409362793,0.0,0.0,27.134355042456754,71.78884887695312,12.491144751914764,2.087977409362793,0.0,-1.0,1.2100000000000004,1.21,10.0,10.0,1.0,-1.0,50.474694319764744,800.0,116.61325197382605,1562.9604160316976,181.17363706527155,1950.0,4535.364240359267,594327174.0,0.029868942395611095,0.03459311185614142,35.69273901563444,11.878698510125268,174.21,57.06,12.277526668698567,0.12,543.73242,0.14955044193843342,3.52,0.04359951234379763,1.03,0.018574367570862546,1.08,0.02087473331301433,0.2,0.0,28.0,588227115.0,2.6983382816144514,0.5102960366634,4.978518402148663,0.7102660906069725,0.3951545369398095,0.2372584661491029,0.3368714387181313,0.977384800602432,3.6250076293945312,0.8821145488212907,290.28496054469827,0.01386772325510515,324.0,32487.0,0.0,0.0,0.0,0.0,0.0,43.0,4.0,6.0,2.0,0.0,0.0,0.0,0.0,0.0,0.0,0.0,0.0,0.0,0.0,0.0,14c8441305
0.005400975762724412,0.004640357202845042,0.012037993245819867,4.243295192718506,6.377830982208252,6.360029220581055,0.1364737778628156,0.0,-1.0,501.7745446889975,502.684791892494,143.20600253212018,3.477736422737408,922.0,884.0,86194675.0,12.587977409362793,12.587977409362793,0.0,0.0,30.064374996106636,69.46236419677734,11.824998262038925,2.087977409362793,0.0,-1.0,1.2100000000000002,1.21,10.0,10.0,1.0,-1.0,33.64459361393324,800.0,107.65641804684985,1603.7733386780687,175.00896563026956,1950.0,4668.496931252393,592637017.0,0.04436130411544629,0.07322287546766434,12.415699397716265,11.388988183435593,66.91,45.43,3.7921735257438094,0.14,511.442841,0.12516301443078567,3.18,0.03618831284518083,0.99,0.012993051843933727,0.97,0.00865401745946909,0.12,0.0,8.0,-1.0,2.734587391930166,0.538102426433695,4.880445852830259,0.43711012765004775,0.32619037046304045,0.19237902822991598,0.38673852396809966,1.1256069849987111,3.625000238418579,0.90713356523038,252.97218182964127,0.015677890611081418,278.0,32487.0,0.0,0.0,0.0,0.0,0.0,12.0,2.0,3.0,1.0,0.0,0.0,0.0,0.0,0.0,0.0,0.0,0.0,0.0,0.0,0.0,815f3bb04e
0.005145183692023366,0.004731514736863761,0.009020676604743415,0.036153826862573624,0.04912392050027847,1.536855936050415,0.04076877670087936,0.0,-1.0,501.9435908498591,502.64301447448764,1.539232808453903,0.2855529538073161,542.0,694.0,73397296.0,12.587977409362793,12.587977409362793,0.0,0.0,28.171978981297247,45.11730194091797,6.374663598227026,2.087977409362793,0.0,-1.0,1.21,1.21,10.0,10.0,1.0,-1.0,0.9748892171344166,50.0,2.057006298938317,1587.339979338843,125.18814152181318,1747.0,4599.6138768341525,-1.0,0.0,0.0,6.285666685263234,13.606765625203991,27.84,29.86,0.033863636363636374,0.13,-1.0,0.005921487603305786,0.07,0.0027417355371900827,0.04,0.0028202479338842973,0.03,0.008733471074380165,0.02,0.0,0.0,-1.0,2.2451658156683685,1.0233311702697918,0.5983939928031087,0.02681447361720237,0.026251187659565887,0.03870175366563992,0.3562191861167873,1.036620795966638,0.7313929088413715,0.03688933653013591,87.23450660125468,0.0,232.0,34986.0,0.0,0.0,0.0,0.0,0.0,1.0,0.0,2.0,0.0,0.0,0.0,0.0,0.0,0.0,0.0,0.0,0.0,0.0,0.0,0.0,114f166713
0.0051227909814179065,0.004733386977619802,0.009239730205390342,0.036109983921051025,0.04889832064509392,1.4437514543533325,0.04064630801007827,0.0,-1.0,501.9292139452216,502.6778292306117,1.5580830620936013,0.27637556675086705,592.0,751.0,53082092.0,12.587977409362793,12.587977409362793,0.0,0.0,28.224585611263844,45.69892501831055,6.255795998949228,2.087977409362793,0.0,-1.0,1.21,1.21,10.0,10.0,1.0,-1.0,0.9375131940046443,50.0,2.0384474168114344,1588.2742868954113,123.3533924534827,1753.0,4589.800432421169,-1.0,0.0,0.0,6.280654821296716,13.599237182771141,27.82,29.87,0.031682513435303844,0.2,-1.0,0.005483670938404299,0.07,0.0032720132286068624,0.04,0.005442331541959487,0.04,0.006567796610169491,0.03,0.0,0.0,-1.0,2.244705621312934,1.0246559197340912,0.6021848704299162,0.026781750869527603,0.025875147276812404,0.038604157563246096,0.3583047669144848,1.038357405147027,0.697711169719696,0.0362416520306848,86.84289870970916,0.0,232.0,19992.0,0.0,0.0,0.0,0.0,0.0,0.0,0.0,2.0,0.0,0.0,0.0,0.0,0.0,0.0,0.0,0.0,0.0,0.0,0.0,0.0,c9638b8336
0.007579401239900222,0.005363625709610506,0.008797945925835177,0.051775846630334854,0.05089752376079559,1.324924111366272,0.0322670105905578,0.0,-1.0,501.8560277326883,502.615160933293,1.6870223744773511,0.2864092216017106,804.0,775.0,56405762.0,12.587977409362793,12.587977409362793,0.0,0.0,29.035304596083144,43.538612365722656,5.081446508091724,2.087977409362793,0.0,-1.0,1.2100000000000002,1.21,10.0,10.0,1.0,-1.0,4.655292385922655,143.0,13.686263214415842,1601.2028258286016,100.08191149381894,1737.0,4638.647607117321,-1.0,0.0,0.0,5.946276345363114,11.721198792653057,29.35,29.99,0.2687415819358247,0.19,-1.0,0.0029143008054931994,0.05,0.0032721510629869274,0.04,0.0008484088208107752,0.03,0.00655618645186848,0.03,0.0,0.0,-1.0,1.892471476883048,0.9148017254891998,0.5490509883060399,0.03232821525794753,0.04739186985043416,0.17444312414678928,0.3678530987659458,1.065260484264761,0.6992466002702713,0.028526815113274397,47.51167367310489,0.0,365.0,44982.0,0.0,0.0,0.0,0.0,0.0,0.0,0.0,2.0,0.0,0.0,0.0,0.0,0.0,0.0,0.0,0.0,0.0,0.0,0.0,0.0,790bee0891
0.00817102961928827,0.0055879817230428215,0.011446313136872676,0.06249617040157318,0.031474605202674866,1.4364395141601562,0.04824747645977193,0.0,-1.0,501.7903840939254,502.5942697643896,1.674116446517985,0.2848359311506852,585.0,776.0,65092286.0,12.587977409362793,12.587977409362793,0.0,0.0,27.444228246549418,45.69892501831055,7.658936120833422,2.087977409362793,0.0,-1.0,1.2100000000000002,1.21,10.0,10.0,1.0,-1.0,5.056926620598881,142.0,14.973829882190525,1570.9964968152867,150.89339148161275,1753.0,4545.191926368569,-1.0,0.0,0.0,5.766444341826887,12.903902951634763,18.96,30.0,0.2929363057324841,0.19,-1.0,0.004847133757961783,0.05,0.003111464968152867,0.03,0.0020971337579617833,0.03,0.004692675159235668,0.05,0.0,0.0,-1.0,2.0952099774568356,0.8880499104282826,0.6247095791599814,0.031561913569553554,0.05576939063334446,0.17948822665349765,0.34710178243120166,1.0069981126221488,0.6948969289660454,0.04329394526432634,74.49394030031023,0.0,151.0,29988.0,0.0,0.0,0.0,0.0,0.0,2.0,1.0,3.0,1.0,0.0,0.0,0.0,1.0,0.0,0.0,0.0,0.0,0.0,0.0,0.0,4572b728cb
0.00802474338796303,0.005690242096076711,0.012767949950289435,0.46840059757232666,0.4869399070739746,1.3165799379348755,0.052565633531058295,0.0,-1.0,501.82447165662944,502.6589300907724,1.6808866597253882,0.28558684875437673,586.0,777.0,47294408.0,12.587977409362793,12.587977409362793,0.0,0.0,27.755839990031514,44.53567886352539,6.881209716591937,2.087977409362793,0.0,-1.0,1.21,1.21,7.87593423019432,3.0,0.6965620328849028,-1.0,5.915306915306915,143.0,16.262674059426562,1578.764859813084,132.59959064063682,1745.0,4574.726361083133,-1.0,0.0,0.0,2.231670270234819,13.816238300565637,18.4,29.96,0.2891666666666667,0.19,-1.0,0.0032218276957578025,0.07,0.004715006540833488,0.08,0.013709586993085405,0.26,0.006438048962810689,0.05,0.27714445897962997,0.0,-1.0,2.2231770901604793,0.07896700791256066,0.6749714655867799,0.04021245930712621,0.046458121469260545,0.18562554942467213,0.35023867999626707,1.0149785802962357,1.1010665893554688,0.1665003228513322,78.9485736298071,0.0,131.0,32487.0,0.0,0.0,0.0,0.0,0.0,2.0,1.0,3.0,1.0,0.0,0.0,0.0,0.0,0.0,0.0,0.0,0.0,0.0,0.0,0.0,88dcf3ec88
0.00649706795803571,0.0036549099662811844,0.012188602532701633,1.8550848960876465,0.33093851804733276,4.370326042175293,0.11792649884539262,0.0,-1.0,501.73856316664444,502.66688770994256,3.566697367362167,0.3845249460843167,675.0,931.0,72291905.0,12.587977409362793,12.587977409362793,0.0,0.0,27.274925314328513,71.20722961425781,12.415691896155785,2.087977409362793,0.0,-1.0,1.21,1.21,10.0,10.0,1.0,-1.0,46.69079352060693,546.0,83.88847928324007,1559.6017979108076,181.79757992634796,1950.0,4524.348231776351,507136231.0,0.015869827239855364,0.025914021695460025,12.16978980070499,11.877218385704207,40.51,40.68,1.9742868621936525,0.15,-1.0,0.18768481317798313,3.26,0.05012153475291282,0.9,0.0179369224588188,1.01,0.02926476496584974,0.32,0.0,24.0,-1.0,2.522965545286427,0.5117198555409954,5.01684639186969,0.5982936633430035,0.4972885129871509,0.29354284756362936,0.3341061921568441,0.9694116214705399,3.6250038146972656,0.7772285022594697,288.3899156530444,0.007231820008035355,252.0,29988.0,0.32,0.0,0.0,0.0,0.0,30.0,2.0,4.0,2.0,0.0,0.0,0.0,0.0,0.0,0.0,0.0,0.0,0.0,0.0,0.0,b7b85d8b91
0.005588267388525513,0.003057091708778566,0.011092720684076249,2.021944999694824,0.3599620461463928,4.297578811645508,0.1197281421587152,0.0,-1.0,501.57158913360814,502.6788239024994,141.56111456107152,4.445586005503232,710.0,891.0,72893331.0,12.587977409362793,12.587977409362793,0.0,0.0,28.421598090114898,71.20722961425781,12.159966255157634,2.087977409362793,0.0,-1.0,1.21,1.21,10.0,10.0,1.0,-1.0,45.67067468269873,800.0,105.44476522962118,1576.254084077543,180.2026480407735,1950.0,4576.257046814964,478426886.0,0.03811805706817687,0.04116750163363102,17.336679882361267,11.813915755724446,68.44,50.42,6.042265301677195,0.23,405.733475,0.161335221084731,2.96,0.04566325419298628,1.83,0.0167447179263777,0.87,0.036299281202352436,2.1,0.0,14.0,525627165.0,2.611578299780852,0.5154401354882708,5.028197658424406,0.5440255226132246,0.36847781102740657,0.4991055499273104,0.35683144554699286,1.0360943240548492,3.6250038146972656,0.9707855325558713,306.6166249595202,0.01895011979960793,224.0,32487.0,0.0,0.0,0.0,0.0,0.0,19.0,2.0,4.0,2.0,0.0,0.0,0.0,0.0,0.0,0.0,0.0,0.0,0.0,0.0,0.0,4e93a7cd0b
0.007566814486412118,0.005400064562937894,0.00917095073500505,0.06664774566888809,0.05025598779320717,1.2423077821731567,0.034428267753441946,0.0,-1.0,501.8137572886393,502.64301447448764,1.502315668254198,0.2966453552298475,585.0,776.0,50592255.0,12.587977409362793,12.587977409362793,0.0,0.0,28.7781444961719,44.53567886352539,5.683820715962422,2.087977409362793,0.0,-1.0,1.2100000000000002,1.21,10.0,10.0,1.0,-1.0,4.577211628633948,143.0,13.594742731080501,1596.430835513156,111.00284458729989,1747.0,4629.429681743415,-1.0,0.0,0.0,7.6347058714593246,12.353086807328573,28.99,29.99,0.2624542237267272,0.12,-1.0,0.0036144022157254966,0.05,0.003865210032312663,0.04,0.001000153869826127,0.03,0.008146637944299123,0.05,0.0,0.0,-1.0,2.079978242699975,1.222891638295084,0.5601769010805178,0.03227678825214226,0.04972865084403359,0.1722974031312453,0.364438565603553,1.0583944704247372,0.6921807993203402,0.030289862837252417,51.807121235288086,0.0,314.0,29988.0,0.0,0.0,0.0,0.0,0.0,1.0,0.0,4.0,2.0,0.0,0.0,0.0,0.0,0.0,0.0,0.0,0.0,0.0,0.0,0.0,0ca17d920f
0.008133826401291183,0.005458252304797052,0.010461504684650232,0.061379265040159225,0.03101830929517746,1.3591018915176392,0.04191017183252923,0.0,-1.0,501.8509076872643,502.64699342580377,1.614060376488112,0.26490161632746806,650.0,776.0,41982367.0,12.587977409362793,12.587977409362793,0.0,0.0,28.6632242204881,44.36949920654297,5.550187214419736,2.087977409362793,0.0,-1.0,1.2100000000000002,1.21,10.0,10.0,1.0,-1.0,5.043163732818905,143.0,14.600253966593677,1594.9128413370997,106.34263434905965,1740.0,4628.098696233536,-1.0,0.0,0.0,6.133595712629032,12.085054084327583,19.49,29.99,0.28861817325800376,0.22999999999999998,-1.0,0.003957156308851225,0.07,0.0034533898305084748,0.03,0.003665254237288135,0.04,0.007674199623352165,0.05,0.0,0.0,-1.0,1.9560337663116925,0.943055969869044,0.5994138660731405,0.031603883336120034,0.05450755228458677,0.1804562198943777,0.3619896619191648,1.050771916483654,0.7228293567895889,0.03939749413664703,63.088030867387324,0.0,208.0,19992.0,0.0,0.0,0.0,0.0,0.0,0.0,0.0,3.0,1.0,0.0,0.0,0.0,0.0,0.0,0.0,0.0,0.0,0.0,0.0,0.0,9b23f8991e
0.010103105857378803,0.004708364375657118,0.013461546399706408,0.03868710249662399,0.020324192941188812,1.5551995038986206,0.05379140431882802,0.0,-1.0,501.8778293321572,502.6231192454243,1.5552595697112679,0.30221793777171735,710.0,718.0,1317496957.0,12.587977409362793,12.587977409362793,0.0,0.0,26.70223201961538,45.69892501831055,8.393534519618951,2.087977409362793,0.0,-1.0,1.2100000000000002,1.21,10.0,10.0,1.0,-1.0,4.69946195234435,118.0,10.559574037865262,1557.8632075471698,164.30736434551224,1753.0,4514.737466755274,-1.0,0.0,0.0,5.03738207508704,12.551349414673,27.12,30.01,0.1952867184609693,0.14,-1.0,0.007846836847946726,0.06,0.002105068442471328,0.03,0.003780984091749907,0.03,0.008074361820199777,0.03,0.0,0.0,-1.0,2.050301801544774,0.05760976872098943,0.5592724885357931,0.0702026617951553,0.09593198746981188,0.14707564814991866,0.3359550841675008,0.9745644200284657,0.7533540725708008,0.049869777945506705,98.10540806954188,0.0,131.0,34986.0,0.0,0.0,0.0,0.0,0.0,0.0,0.0,2.0,0.0,0.0,0.0,0.0,0.0,0.0,0.0,0.0,0.0,0.0,0.0,0.0,504234e854
0.009446636469167262,0.00570662171200335,0.014284385833939773,0.0687677189707756,0.04770853742957115,1.4376325607299805,0.05737154072345426,0.0,-1.0,501.89427743840633,502.6579353795183,1.5252184272123372,0.2554685174583867,712.0,777.0,74893364.0,12.587977409362793,12.587977409362793,0.0,0.0,26.260689273318146,43.95405578613281,8.48098861919164,2.087977409362793,0.0,-1.0,1.21,1.21,10.0,10.0,1.0,-1.0,4.603901996370236,118.0,11.39879332699867,1549.8037109375,168.31603791392382,1740.0,4487.626225595739,-1.0,0.0,0.0,6.581743317327462,11.34114139347164,27.92,30.0,0.175,0.22,-1.0,0.00880642361111111,0.04,0.001558159722222222,0.03,0.004641927083333334,0.03,0.008007812500000001,0.03,0.0,0.0,-1.0,1.90009388787449,0.7954539020070265,0.5178381223636256,0.07153545904504437,0.09420279498792575,0.153529539094015,0.3288048995479282,0.9526078716287878,0.7553143883123994,0.05328757863492349,108.91792570990235,0.0,112.0,32487.0,0.0,0.0,0.0,0.0,0.0,3.0,2.0,3.0,1.0,0.0,0.0,0.0,2.0,0.0,0.0,0.0,0.0,0.0,0.0,0.0,b1e738ba05
0.010087520993195303,0.005271988577500024,0.015052309103764715,0.35457584261894226,0.4237104058265686,1.284342646598816,0.05484232022229999,0.0,-1.0,501.9285875085815,502.65196707065616,1.5162569082291952,0.29945820770501996,772.0,717.0,51396933.0,12.587977409362793,12.587977409362793,0.0,0.0,27.244247450575678,45.53274917602539,6.958638848223213,2.087977409362793,0.0,-1.0,1.2100000000000002,1.21,7.245901639344262,3.0,0.6065573770491803,-1.0,5.1859205776173285,118.0,11.577540358773753,1570.6017479499353,132.64498385004492,1752.0,4545.982263871889,-1.0,0.0,0.0,5.057380514257486,12.150773055031449,27.14,30.01,0.1891066033664221,0.19,-1.0,0.006124298662063013,0.06,0.003590850237375917,0.06,0.01593655589123867,0.26,0.008681484678463532,0.05,0.3634009495036685,0.0,-1.0,1.9597807145076764,0.07123669289246304,0.5514418111565713,0.07852603169002502,0.09837405793217499,0.15540059088219133,0.34110438231448936,0.9875647278091017,1.09869384765625,0.17491810905284694,107.290182731745,0.0,116.0,34986.0,0.0,0.0,0.0,0.0,0.0,2.0,1.0,3.0,1.0,0.0,0.0,0.0,0.0,0.0,0.0,0.0,0.0,0.0,0.0,0.0,b01481f355
0.008618338983024656,0.003297761793166981,0.01644060995180217,1.9195773601531982,0.3314679265022278,3.850503444671631,0.14063650986439108,0.0,-1.0,501.57295019504824,502.6310774315492,148.42492277017124,4.087787514589907,990.0,960.0,65494625.0,12.587977409362793,12.587977409362793,0.0,0.0,26.208576875125793,71.53958892822266,13.738814539999423,2.087977409362793,0.0,-1.0,1.2100000000000004,1.21,10.0,10.0,1.0,-1.0,70.1560527825588,800.0,130.50202407111163,1541.5449540005575,208.8609790243491,1950.0,4461.879677005889,338626162.0,0.03484806244772791,0.03429049344856426,23.369551378396356,12.074265117166084,164.36,71.47,10.75015333147477,0.2,305.931745,0.17535126846947308,4.11,0.05148731530526904,2.06,0.019948424867577363,0.91,0.013739894061890159,0.21,0.0,20.0,339026002.0,1.9835468301408494,0.5035299759628623,5.1456483810069455,0.7070568100368486,0.5293227579553877,0.3813364073085012,0.32576426107722917,0.9428988316060509,3.6250009536743164,0.7590631514622096,258.93191219390815,0.011708948982436577,179.0,32487.0,0.0,0.0,0.0,0.0,0.0,22.0,2.0,3.0,1.0,0.0,0.0,0.0,0.0,0.0,0.0,0.0,0.0,0.0,0.0,0.0,b6679181d1
0.005484474506697659,0.0025095345174432596,0.010580744258536043,1.5805891752243042,0.7663384079933167,4.9071125984191895,0.11424305510845188,0.0,-1.0,501.760273318959,502.66987178465354,57.44408636786079,1.7516540404161736,907.0,927.0,92297233.0,12.587977409362793,12.587977409362793,0.0,0.0,28.685313215168666,71.53958892822266,12.162336256881035,2.087977409362793,0.0,-1.0,1.2100000000000002,1.21,10.0,10.0,1.0,-1.0,40.81999507510466,800.0,106.63349448633794,1576.833613647285,180.09201775100615,1950.0,4562.388231488427,462329161.0,0.03363767419509851,0.04132628543969245,15.09901635582844,12.051983152204318,64.71,60.68,4.003789043728976,0.14,389.938129,0.18160860163382986,2.93,0.0543728976453628,1.35,0.02018260451705911,1.04,0.011417587698222011,0.11,0.0,24.0,369228916.0,2.0681268538893764,0.5038332457076414,5.090953595718812,0.7200920770938142,0.4543164378104062,0.2847053420300705,0.3580956588361401,1.0363226613617578,3.625001907348633,0.7313963434027292,314.965920385794,0.010091302258529554,210.0,34986.0,0.38095238095238093,0.0,0.0,0.0,0.0,34.0,4.0,3.0,1.0,0.0,0.0,0.0,0.0,0.0,0.0,0.0,0.0,0.0,0.0,0.0,2b24dc470b
0.01001362846234142,0.004680565923916337,0.01358107408751701,0.038352981209754944,0.018207304179668427,1.3843069076538086,0.05541480438119372,0.0,-1.0,501.88864203314415,502.5912852408008,1.4266416355280853,0.27176878726968784,709.0,700.0,70194411.0,12.587977409362793,12.587977409362793,0.0,0.0,26.682000828245165,44.78494644165039,8.40058600655252,2.087977409362793,0.0,-1.0,1.2100000000000002,1.21,10.0,10.0,1.0,-1.0,4.621631878557875,117.0,10.495535636865528,1557.6153143274853,164.15472741152857,1744.0,4506.416614165156,-1.0,0.0,0.0,5.033221464882724,12.55678192804587,27.11,30.01,0.19198830409356724,0.13,-1.0,0.00814327485380117,0.06,0.002554824561403509,0.03,0.0037737573099415203,0.03,0.008764619883040935,0.03,0.0,0.0,-1.0,2.053063139178543,0.0581534242271483,0.5623308721914458,0.06960040065951233,0.09527060125155296,0.1461931655419199,0.3351675576141665,0.9697516146224412,0.7428092956542969,0.049543262267214824,97.06428321236767,0.0,136.0,32487.0,0.0,0.0,0.0,0.0,0.0,1.0,0.0,2.0,0.0,0.0,0.0,0.0,0.0,0.0,0.0,0.0,0.0,0.0,0.0,0.0,662cc8912d
0.01017027314139885,0.0046990079783811155,0.013513604711327327,0.040172938257455826,0.018229126930236816,1.386846899986267,0.052333505547305065,0.0,-1.0,501.8479509416921,502.6569406662958,1.5621392564228245,0.28750091850813203,711.0,718.0,47094488.0,12.587977409362793,12.587977409362793,0.0,0.0,26.925487031308688,45.53274917602539,8.072287785799464,2.087977409362793,0.0,-1.0,1.2100000000000002,1.21,10.0,10.0,1.0,-1.0,4.7042801556420235,118.0,10.601983019090204,1561.6494758517408,159.79219127440138,1751.0,4510.680631225538,-1.0,0.0,0.0,5.0544619895419975,12.52149971124261,27.19,30.01,0.19164357918382627,0.19,-1.0,0.007656308498689629,0.06,0.002485960314488956,0.03,0.006666042680643953,0.04,0.007515911643579182,0.03,0.0,0.0,-1.0,2.0471559151208334,0.057739639610217414,0.5580969491788949,0.07044728986882717,0.09642825908455238,0.14747321607927116,0.33877539861694855,0.9789781964371805,0.7196483612060547,0.04816682166879673,99.18763801934696,0.0,131.0,32487.0,0.0,0.0,0.0,0.0,0.0,0.0,0.0,2.0,0.0,0.0,0.0,0.0,0.0,0.0,0.0,0.0,0.0,0.0,0.0,0.0,6d600eaba3
0.008360767910132886,0.006065209241394787,0.012658717141144537,0.04792658984661102,0.03798060491681099,3.4687118530273438,0.09691920796571851,0.0,-1.0,501.72773020963933,502.41914772428805,1.5538963841696045,0.281611979323197,819.0,720.0,977089841.0,12.587977409362793,12.587977409362793,0.0,0.0,26.703585509142393,45.11730194091797,6.814219165217235,2.087977409362793,0.0,-1.0,1.2100000000000004,1.21,10.0,10.0,1.0,-1.0,5.964930924548352,141.0,14.033864565562041,1561.0933376455368,134.98203759418308,1747.0,4513.495330267405,-1.0,0.0,0.0,3.736390996408711,6.254247517907823,21.66,27.53,0.19790685640362227,0.13,-1.0,0.007094437257438552,0.17,0.0007736093143596378,0.03,0.0021875808538163,0.03,0.004151358344113842,0.02,0.0,0.0,-1.0,1.0157600224653218,0.5898740608150153,0.3447002097198127,0.06145896228014237,0.06857906074437262,0.20160695834023692,0.33068041422495914,0.9559643460290167,1.1363189984112978,0.04400359859827736,75.11720579102877,0.0,190.0,27489.0,0.0,0.0,0.0,0.0,0.0,0.0,0.0,2.0,0.0,0.0,0.0,0.0,0.0,0.0,0.0,0.0,0.0,0.0,0.0,0.0,eb67c9cb02
0.008447316242039784,0.005882003158809922,0.014811901437793705,0.0677737221121788,0.030146349221467972,4.488269329071045,0.12070185262407034,0.0,-1.0,501.7752940021459,502.4141717746425,1.453095442358972,0.30899073778459074,801.0,677.0,235994731.0,12.587977409362793,12.587977409362793,0.0,0.0,26.08471143426624,44.78494644165039,7.818890598718392,2.087977409362793,0.0,-1.0,1.2100000000000002,1.21,10.0,10.0,1.0,-1.0,5.732926363983212,137.0,14.484806976209054,1548.70664952241,155.84848500731584,1745.0,4484.323022216468,-1.0,0.0,0.0,3.342361782447552,6.293116571175633,14.39,27.48,0.20318515797207934,0.2,-1.0,0.008067597354886113,0.07,0.0007825128581925055,0.02,0.003168626010286553,0.03,0.00563372520205731,0.02,0.0,0.0,-1.0,0.9883412648658395,0.5255046466707154,0.38612292467969594,0.054769408936274,0.07198456738675485,0.1968831943589913,0.3225737387231639,0.9339987391362377,1.1847380585968494,0.052943796671238066,90.47125670148739,0.0,131.0,32487.0,0.0,0.0,0.0,0.0,0.0,3.0,2.0,3.0,1.0,0.0,0.0,0.0,2.0,0.0,0.0,0.0,0.0,0.0,0.0,0.0,2c243fb6ce
0.007882175826321142,0.006089618926555739,0.012789123751874729,0.33168312907218933,0.531822919845581,1.5588270425796509,0.057072233393525455,0.0,-1.0,501.73677239721394,502.4440267333268,1.55581565225134,0.3038012048181913,800.0,651.0,49898366.0,12.587977409362793,12.587977409362793,0.0,0.0,26.357023259011555,44.12023162841797,7.319097308527817,2.087977409362793,0.0,-1.0,1.2100000000000002,1.21,7.853975535168196,3.0,0.6934250764525994,-1.0,5.700079554494829,135.0,14.410614679021956,1554.6568477429228,144.88634333060125,1742.0,4504.415161500684,-1.0,0.0,0.0,3.03866574282471,5.874088528989066,10.99,26.01,0.1892848948374761,0.21,-1.0,0.006778882938026014,0.04,0.0013752869166029076,0.04,0.01309104820198929,0.27,0.0053060443764345825,0.02,0.28003060443764344,2.0,-1.0,0.8963018555773572,0.49407848476465205,0.32464373868917756,0.05429960325510175,0.06357697698326797,0.19757730759476683,0.3258015995439192,0.9441300814959838,1.1114616394042969,0.1710365676976809,88.2119990696624,0.0,126.0,37485.0,0.0,0.0,0.0,0.0,0.0,4.0,1.0,3.0,1.0,0.0,0.0,0.0,0.0,0.0,0.0,0.0,0.0,0.0,0.0,0.0,9e0eb8fbec
0.005108938955637946,0.003457902040120233,0.012971361244607285,0.303833544254303,0.33047276735305786,5.86171817779541,0.13798999815152116,0.0,-1.0,501.5977235567209,502.4549731070437,32.58690651813407,0.6354788990222993,919.0,919.0,105696038.0,12.587977409362793,12.587977409362793,0.0,0.0,28.541975358955508,71.62267303466797,12.896895906197882,2.087977409362793,0.0,-1.0,1.21,1.21,10.0,10.0,1.0,-1.0,40.213795885437676,634.0,78.0628688417447,1572.9289244760776,177.5789397521153,1950.0,4553.341030300086,572248509.0,0.024713325425069196,0.0498220640569395,12.294108454545391,9.798299795481865,70.63,52.87,2.0076433372874654,0.21000000000000002,385.352464,0.21863483590351918,3.19,0.06044978252273626,1.53,0.020169039145907473,1.35,0.035631672597864775,1.25,0.0,26.0,593648279.0,0.9213809921623938,0.44295752133260385,5.223196212920632,0.5461407764548756,0.528421441341857,0.39020963968989625,0.34963700273000253,1.0132471817955908,3.6250038146972656,1.0612999685904572,319.20395293465094,0.006326611308817715,247.0,34986.0,0.0,0.0,0.0,0.0,0.0,32.0,2.0,3.0,1.0,0.0,0.0,0.0,0.0,0.0,0.0,0.0,0.0,0.0,0.0,0.0,abfdebaa9b
0.004155779628558873,0.002869988271597193,0.010671694451067547,0.6143572926521301,0.3544887900352478,5.731796741485596,0.1246236083658928,0.0,-1.0,501.5940594852062,502.4430315966179,131.65333378935685,2.991536245699074,924.0,915.0,126793429.0,12.587977409362793,12.587977409362793,0.0,0.0,26.454899828563327,71.62267303466797,14.9425503988849,2.087977409362793,0.0,-1.0,1.21,1.21,10.0,10.0,1.0,-1.0,49.92643579264358,800.0,88.68981190811158,1544.4852600547483,212.1896245565934,1950.0,4469.747427178123,361026365.0,0.05769635712781638,0.0684354600968625,15.917475594250645,12.831777462856127,65.99,53.28,8.479564118761845,0.14,385.633185,0.21763739734680984,3.29,0.08544746262371025,4.04,0.018347020425352707,1.08,0.08673404927353126,2.03,0.0,28.0,550026568.0,0.9379984325011058,0.4888297483075438,5.398577276116758,0.7818421855433562,0.3932181148333561,0.3092918983262215,0.3322407660436699,0.9617304895632376,3.625001907348633,1.1059394326261185,315.07433742887696,0.02421562434196673,232.0,32487.0,0.0,0.0,0.0,0.0,0.0,45.0,4.0,3.0,1.0,0.0,0.0,0.0,0.0,0.0,0.0,0.0,0.0,0.0,0.0,0.0,5c6b067302
0.008315711874060223,0.006250388261552713,0.012076632679353978,0.0467132143676281,0.03958941996097565,3.742359161376953,0.08944849449175633,0.0,-1.0,501.7236220086008,502.4549731070437,1.4260318272010863,0.27684360264154495,801.0,651.0,69792072.0,12.587977409362793,12.587977409362793,0.0,0.0,26.692385721057615,45.53274917602539,6.824368098315139,2.087977409362793,0.0,-1.0,1.2100000000000002,1.21,10.0,10.0,1.0,-1.0,6.814109442060086,134.0,15.552867214955839,1560.8781666231391,135.39368341113175,1751.0,4513.195213900478,-1.0,0.0,0.0,3.739366528946354,6.1505059065826515,22.28,27.06,0.23265604596500394,0.13,-1.0,0.007445808305040481,0.21,0.0009480282057978584,0.02,0.002251240532776182,0.03,0.002366153042569862,0.03,0.0,0.0,-1.0,1.0025838916209528,0.5954700186066937,0.33992134247412176,0.06213346583908757,0.06858784642630149,0.2110610653301657,0.3304248080255593,0.9560951235268418,1.1228106543421745,0.04326489532997981,76.4135957829835,0.0,189.0,29988.0,0.0,0.0,0.0,0.0,0.0,1.0,0.0,2.0,0.0,0.0,0.0,0.0,0.0,0.0,0.0,0.0,0.0,0.0,0.0,0.0,c145ca1c2a
0.008401583317181964,0.0061992407275899535,0.012658636659417653,0.04739537090063095,0.037327978760004044,4.565090656280518,0.1022204049035404,0.0,-1.0,501.722446653508,502.4430315966179,1.5578152046784908,0.2797858156867847,817.0,736.0,117894490.0,12.587977409362793,12.587977409362793,0.0,0.0,26.80172136847151,45.61583709716797,6.621659128815014,2.087977409362793,0.0,-1.0,1.2100000000000002,1.21,10.0,10.0,1.0,-1.0,6.44247311827957,133.0,15.085559651955847,1562.8075765506412,132.30415970553736,1752.0,4512.358170603325,-1.0,0.0,0.0,3.7126345369002727,6.181496349331266,21.38,27.46,0.22330803454593037,0.22000000000000003,-1.0,0.007474483119602199,0.05,0.0009159905783826224,0.02,0.005024862601413244,0.04,0.00377649829887464,0.03,0.0,0.0,-1.0,1.0108835473508642,0.5887410049892507,0.34127100767033436,0.061767675982870425,0.06907713627303388,0.20810993798927177,0.3323661998964733,0.9603678876959637,1.1820678524672985,0.04545050813966522,76.17783347115655,0.0,184.0,32487.0,0.0,0.0,0.0,0.0,0.0,0.0,0.0,2.0,0.0,0.0,0.0,0.0,0.0,0.0,0.0,0.0,0.0,0.0,0.0,0.0,43795fd2f3
0.008379110764904387,0.006368863681080507,0.01255829094668193,0.05063697695732117,0.02979205921292305,3.9996936321258545,0.0954639642907255,0.0,-1.0,501.7199287707123,502.45298287501487,1.6156839445138758,0.2907881057349177,821.0,735.0,1105393499.0,12.587977409362793,12.587977409362793,0.0,0.0,26.73056124720323,44.95112609863281,6.926621705446592,2.087977409362793,0.0,-1.0,1.2100000000000004,1.21,10.0,10.0,1.0,-1.0,11.747110234000564,145.0,23.168315362356452,1560.8643405538799,137.9388270137908,1750.0,4506.381329431939,-1.0,0.0,0.0,3.507721007105234,8.34397001312533,19.19,29.98,0.4090786948176583,0.12,-1.0,0.005730737592541815,0.19,0.0009871126953660543,0.03,0.0015780093227310114,0.03,0.006615026048807239,0.04,0.0,0.0,-1.0,1.496682235178044,0.44653524857811344,0.43769916165002193,0.047782740394843315,0.05866524008899687,0.31474704332741166,0.33182643118893307,0.9561990924995861,1.2464127335697412,0.04963818259135372,62.88509180244423,0.0,174.0,32487.0,0.0,0.0,0.0,0.0,0.0,0.0,0.0,2.0,0.0,0.0,0.0,0.0,0.0,0.0,0.0,0.0,0.0,0.0,0.0,0.0,6b1b1de6cd
0.0074636821410019455,0.006465357367753156,0.015167441269215322,0.05670822411775589,0.02884802594780922,4.210172653198242,0.12002508386313243,0.0,-1.0,501.748229811992,502.40820057001457,1.5040181159248505,0.26312107710788335,784.0,751.0,147693399.0,12.587977409362793,12.587977409362793,0.0,0.0,26.428698727177927,44.12023162841797,7.109981832609558,2.087977409362793,0.0,-1.0,1.2100000000000002,1.21,10.0,10.0,1.0,-1.0,13.087443016991298,144.0,26.471704897564887,1556.024074810983,141.21044575187935,1737.0,4498.678008242316,-1.0,0.0,0.0,3.2791513269025927,5.680196119500609,17.27,22.62,0.3705093513728612,0.25,-1.0,0.006490250696378831,0.17,0.0007361719060883406,0.02,0.002232391563867887,0.03,0.006792678074015121,0.03,0.0,0.0,-1.0,0.9880089659511263,0.4307074389380592,0.39061032000860507,0.046500278988589806,0.059599970397177786,0.3288517682369277,0.3273684213358955,0.945138073490054,1.2327973078936338,0.058828319453884274,74.95118922197231,0.0,121.0,32487.0,0.0,0.0,0.0,0.0,0.0,2.0,1.0,3.0,1.0,0.0,0.0,0.0,1.0,0.0,0.0,0.0,0.0,0.0,0.0,0.0,1997b4fd02
0.00784212411041107,0.006365488588687113,0.013024058905294407,0.2666490077972412,0.19079940021038055,1.3598417043685913,0.055175724832750045,0.0,-1.0,501.7361804931952,502.4121813809852,1.6028364202506964,0.28586052085906416,822.0,728.0,68600882.0,12.587977409362793,12.587977409362793,0.0,0.0,26.541362469553704,45.53274917602539,7.000534256331565,2.087977409362793,0.0,-1.0,1.21,1.21,8.242152466367713,3.0,0.7488789237668162,-1.0,13.673913043478262,154.0,27.235444620830073,1558.178811659193,137.89347280612682,1752.0,4491.522822943379,-1.0,0.0,0.0,2.792040328672473,7.025523023225895,17.49,27.43,0.4110426008968609,0.16,-1.0,0.00468609865470852,0.05,0.0027485052316890885,0.04,0.011522795216741403,0.26,0.007778400597907324,0.04,0.22533632286995517,2.0,-1.0,1.1692121181238975,0.247121286644839,0.3673010896792318,0.04458812975643355,0.05518042254084511,0.33855017076624366,0.32940644772787875,0.9489259315669575,1.0948410034179688,0.16779060657246075,67.08177858849025,0.0,131.0,39984.0,0.0,0.0,0.0,0.0,0.0,4.0,1.0,3.0,1.0,0.0,0.0,0.0,0.0,0.0,0.0,0.0,0.0,0.0,0.0,0.0,314c7209e2
0.006238076603520124,0.004438831676365285,0.012436924018774722,1.668813943862915,0.38109856843948364,4.686229705810547,0.12333805976032541,0.0,-1.0,500.89201906868476,502.4430315966179,199.23848017959187,9.570280016636287,934.0,966.0,112894824.0,12.587977409362793,12.587977409362793,0.0,0.0,32.738925221380654,72.03811645507812,15.336181407755532,2.087977409362793,0.0,-1.0,1.2100000000000002,1.21,10.0,10.0,1.0,-1.0,60.45945945945946,800.0,155.31507909300527,1621.5540132476135,207.03312098373053,1950.0,4643.100677784909,511732725.0,0.15507500487044612,0.16306253652834599,32.38767985048678,9.64681156218277,178.92,87.8,11.75734268458991,0.24000000000000002,346.537996,0.2167465419832457,3.02,0.06745762711864407,1.88,0.01963861289694136,0.86,0.005940970192869667,0.13,0.0,24.0,329894656.0,1.2002346898976028,0.4875362114703333,5.376636516069843,1.363178453970392,0.3815888979139465,0.383892361738296,0.4389509556755094,1.2651420454566504,3.6250038146972656,1.4524417392376194,350.47635636528344,0.06682252094291836,254.0,32487.0,0.0,0.0,0.0,0.0,0.0,36.0,2.0,4.0,2.0,0.0,0.0,0.0,0.0,0.0,0.0,0.0,0.0,0.0,0.0,0.0,f0a5a770b3
0.004620978443101247,0.003244588971935145,0.009571471023816,1.5929864645004272,0.4437766373157501,4.495477676391602,0.11277365639200901,0.0,-1.0,501.28962229315727,502.43606558446817,182.74089827660913,6.055336920615987,901.0,969.0,52884671.0,12.587977409362793,12.587977409362793,0.0,0.0,28.335530080226583,72.03811645507812,13.570311896949006,2.087977409362793,0.0,-1.0,1.2100000000000002,1.21,10.0,10.0,1.0,-1.0,60.01390308730321,800.0,127.83631127736712,1570.3611778846155,193.6879221250985,1950.0,4527.047018998082,444527951.0,0.06750801282051282,0.060697115384615384,18.576953340896974,10.63930743986483,112.32,57.95,7.244711538461538,0.13,391.74324,0.1811017628205128,5.3,0.05561899038461538,1.93,0.017138421474358977,0.99,0.011496394230769232,0.22,0.0,24.0,411227943.0,1.1459424969047558,0.4564159705129736,5.370597657120627,0.8991059028359533,0.4134319361292982,0.3321817045620215,0.3599984971069111,1.0377915511652376,3.625001907348633,1.2184259975470675,332.6916575741724,0.03365384615384615,243.0,22491.0,0.0,0.0,0.0,0.0,0.0,31.0,2.0,4.0,2.0,0.0,0.0,0.0,0.0,0.0,0.0,0.0,0.0,0.0,0.0,0.0,8b7a2a3649
0.008330833488712388,0.006483864888264266,0.012869734695302816,0.0509922094643116,0.03389546275138855,4.326548099517822,0.10083446876986654,0.0,-1.0,501.73881150936165,502.4350704319912,1.6776441265993185,0.28945859839636595,743.0,708.0,72890832.0,12.587977409362793,12.587977409362793,0.0,0.0,26.89386547034772,45.61583709716797,6.622273918028769,2.087977409362793,0.0,-1.0,1.2100000000000004,1.21,10.0,10.0,1.0,-1.0,12.5628860190904,148.0,24.54492274019646,1563.7114281813217,133.3742525181333,1753.0,4507.81782421517,-1.0,0.0,0.0,3.681169955625631,8.299465165454302,21.11,29.96,0.4209257236482796,0.19,-1.0,0.006048607318405242,0.17,0.0012206444565811031,0.03,0.001512834516657564,0.02,0.028769797924631347,0.04,0.0,0.0,-1.0,1.4813722525309814,0.4866399354529013,0.4316494399604967,0.04764829117807521,0.058823695287851134,0.3171354875299781,0.33462191925415,0.9624107906416797,1.2216057376936078,0.04810156729684068,62.138944533155126,0.0,174.0,29988.0,0.0,0.0,0.0,0.0,0.0,1.0,0.0,2.0,0.0,0.0,0.0,0.0,0.0,0.0,0.0,0.0,0.0,0.0,0.0,0.0,eaf8dca555
0.00835977801878646,0.006453539206566671,0.013511012258798359,0.050771091133356094,0.037474095821380615,5.155733585357666,0.11692813410517468,0.0,-1.0,501.7453235349539,502.44502186806466,1.555812561255948,0.2904893603167277,821.0,745.0,52210774.0,12.587977409362793,12.587977409362793,0.0,0.0,26.82567040528542,45.36656951904297,6.759147410547357,2.087977409362793,0.0,-1.0,1.2100000000000006,1.21,10.0,10.0,1.0,-1.0,12.240652235029518,145.0,23.849259541592993,1563.0687038556193,133.35236156417818,1752.0,4514.535889112972,-1.0,0.0,0.0,3.6481213231975254,8.29464970353384,20.78,29.98,0.4185155822854018,0.12,-1.0,0.005197539302802461,0.14,0.0008639781271360218,0.02,0.004688995215311005,0.04,0.006982911825017088,0.03,0.0,0.0,-1.0,1.4861143937980406,0.4771685753623635,0.43032849710616394,0.0474183099687592,0.059156695595014595,0.3110705919221276,0.33288165577505124,0.9593167602729011,1.1214679945260286,0.045111469220387494,62.649175133545256,0.0,178.0,49980.0,0.05405405405405406,0.0,0.0,0.0,0.0,0.0,0.0,2.0,0.0,0.0,0.0,0.0,0.0,0.0,0.0,0.0,0.0,0.0,0.0,0.0,2d7481aee9
0.012686588124688005,0.007448617055862845,0.011136189811166783,0.053377144038677216,0.04585546627640724,1.388289213180542,0.03633047733196587,0.0,-1.0,502.24849338456767,503.06460817672314,1.639638714690875,0.31108558744612247,793.0,845.0,228995865.0,12.587977409362793,12.587977409362793,0.0,0.0,27.738654548555374,45.11730194091797,5.616402140807256,2.087977409362793,0.0,-1.0,1.2100000000000002,1.21,10.0,10.0,1.0,-1.0,18.899549143372408,136.0,25.494273650688093,1579.5065101860052,112.12666941030159,1747.0,4579.442389975031,-1.0,0.0,0.0,5.922095395535545,9.673659881766403,26.6,30.0,0.7345208148804253,0.22000000000000003,-1.0,0.006715677590788308,0.05,0.0017094774136403898,0.03,0.001953055801594331,0.03,0.0064915854738706825,0.05,0.0,0.0,-1.0,1.5033300008362613,0.8042251512103006,0.4556193642515811,0.06327007930721115,0.08025368593753945,0.4138755029699711,0.344023548356118,0.9965123978785918,0.6942923404276371,0.03300820902799548,71.15222692384371,0.0,275.0,34986.0,0.0,0.0,0.0,0.0,0.0,0.0,0.0,2.0,0.0,0.0,0.0,0.0,0.0,0.0,0.0,0.0,0.0,0.0,0.0,0.0,460dc2cfd5
0.010808384083648011,0.007024966208597917,0.011172120641681013,0.06771779805421829,0.04971826821565628,1.6331745386123657,0.04224228125952483,0.0,-1.0,502.28891445003154,503.04472962153176,1.590843406657541,0.2884940999062666,790.0,843.0,59993493.0,12.587977409362793,12.587977409362793,0.0,0.0,27.49871854131689,44.95112609863281,6.156586081204657,2.087977409362793,0.0,-1.0,1.2100000000000002,1.21,10.0,10.0,1.0,-1.0,15.197544398158298,137.0,24.116199973945935,1575.280519201888,121.84907292136657,1750.0,4563.190012546695,-1.0,0.0,0.0,7.79079411763853,9.569049640472802,28.35,30.0,0.5813749463749465,0.16,-1.0,0.007784212784212785,0.04,0.001816816816816817,0.03,0.002304804804804805,0.03,0.0044240669240669245,0.04,0.0,0.0,-1.0,1.5765251934558144,1.2917463518235193,0.49841813237429844,0.05766841763189233,0.07490464441913544,0.37085759325776035,0.34235391474461074,0.9919469767981095,0.7249523252248764,0.03839754517423722,78.0746062774986,0.0,226.0,32487.0,0.0,0.0,0.0,0.0,0.0,3.0,2.0,3.0,1.0,0.0,0.0,0.0,2.0,0.0,0.0,0.0,0.0,0.0,0.0,0.0,6a94090c7f
0.013422767737121349,0.0072573176234580344,0.012075599914072381,0.20441216230392456,0.035643428564071655,1.6475965976715088,0.04230362897615893,0.0,-1.0,502.28801298321076,503.08746754416376,1.717344780551116,0.2931201953744013,794.0,844.0,105501949.0,12.587977409362793,12.587977409362793,0.0,0.0,27.956228442859928,43.95405578613281,5.001110111765341,2.087977409362793,0.0,-1.0,1.2100000000000002,1.21,8.805269186712486,3.0,0.8293241695303551,-1.0,20.35507105314386,137.0,25.922032925799666,1584.270809469263,97.71076665714463,1741.0,4599.20368940551,-1.0,0.0,0.0,4.356134762282709,9.883515742118666,22.53,30.0,0.7877109583810614,0.21000000000000002,-1.0,0.007332951508209241,0.04,0.0024226804123711337,0.03,0.0068356242840778925,0.27,0.00773577701412753,0.04,0.1573119511263841,0.0,-1.0,1.5322571248571257,0.3124656119099431,0.45557056490534104,0.06389877238656369,0.08379399674064028,0.4294294876698521,0.3458201884057013,1.0029165439486967,1.1157073974609375,0.12381735180692663,73.36990617593163,0.0,251.0,39984.0,0.0,0.0,0.0,0.0,0.0,2.0,1.0,3.0,1.0,0.0,0.0,0.0,0.0,0.0,0.0,0.0,0.0,0.0,0.0,0.0,c3ff64bba1
0.007393101839376602,0.004243897463507972,0.010122151447844724,1.622385025024414,0.34441104531288147,5.171614170074463,0.10155858239563459,0.0,-1.0,502.15175028797535,503.08150433105766,135.35334386466099,2.735676559244394,915.0,907.0,101693473.0,12.587977409362793,12.587977409362793,0.0,0.0,29.078006946860466,71.29032135009766,13.033862962159578,2.087977409362793,0.0,-1.0,1.2100000000000004,1.21,10.0,10.0,1.0,-1.0,52.010018214936245,800.0,85.60915050139393,1584.5503146673516,177.79361947573278,1950.0,4580.919965213118,803226081.0,0.05137426149499101,0.06588749036732597,13.500255553330064,10.67801302835645,77.32,51.65,5.613207038273825,0.14,616.332535,0.200217698433085,3.37,0.06502183406113538,3.53,0.018294374518366296,1.09,0.04236578474184434,1.84,0.0,40.0,864625678.0,1.5639619246206595,0.4881627769495688,5.195205948516407,0.6284238982374795,0.4568024742106808,0.44088739761164486,0.3625263208237416,1.0495954305027562,3.6250038146972656,0.968643448672952,322.5073020780297,0.013871050603647572,381.0,32487.0,0.0,0.0,0.0,0.0,0.0,54.0,2.0,4.0,2.0,0.0,0.0,0.0,0.0,0.0,0.0,0.0,0.0,0.0,0.0,0.0,4f16bacab2
0.006801645549370015,0.010360440232557765,0.011054439773834126,4.42840051651001,18.525545120239258,7.486490249633789,0.13641315320427033,0.0,-1.0,502.25470379513655,503.08846140614276,18.6041995358525,0.41894782900403993,877.0,869.0,72793371.0,12.587977409362793,12.587977409362793,0.0,0.0,28.981141689934944,70.6256103515625,10.959867946885318,2.087977409362793,0.0,-1.0,1.2100000000000002,1.21,10.0,10.0,1.0,-1.0,35.748885238206995,800.0,66.5810288115717,1587.0960334029228,148.6808471695256,1950.0,4588.226641979296,881252358.0,0.020412897239619577,0.03618649965205289,11.867473123401309,9.33445700235675,52.62,38.34,1.335140338668522,0.16,-1.0,0.18269659011830203,4.62,0.06330027835768964,5.65,0.01979529111575041,1.07,0.0305056831361633,0.89,0.0,48.0,891852283.0,1.5467104671748484,1.0834530522474446,5.162377860509615,0.4505117918929205,0.3246285132764181,0.4175849350273036,0.3579154763384175,1.0350384791602258,3.6250076293945312,0.8371451526194034,330.05531178511393,0.0056831361633031775,422.0,32487.0,0.0,0.0,0.0,0.0,0.0,54.0,2.0,4.0,2.0,0.0,0.0,0.0,0.0,0.0,0.0,0.0,0.0,0.0,0.0,0.0,a57de1ca3d
0.012753108233058204,0.007500448795790832,0.011261269497853636,0.05320145562291145,0.04675518348813057,1.664490818977356,0.038451285258285124,0.0,-1.0,502.3062801885953,503.03479004935633,1.6128120707280118,0.30036865963903897,779.0,622.0,114093511.0,12.587977409362793,12.587977409362793,0.0,0.0,27.840901359510667,45.36656951904297,5.380244605076211,2.087977409362793,0.0,-1.0,1.21,1.21,10.0,10.0,1.0,-1.0,19.0497277676951,137.0,25.535976452689532,1581.636229946524,106.78461536919932,1751.0,4581.323257858062,-1.0,0.0,0.0,5.985326445077268,9.687477501012571,27.24,30.01,0.7413172905525847,0.21000000000000002,-1.0,0.00739572192513369,0.06,0.0019197860962566844,0.03,0.0019447415329768272,0.03,0.02468716577540107,0.04,0.0,0.0,-1.0,1.5051482113841623,0.8135340674236498,0.45646705665333853,0.06367810853445312,0.08072513361581261,0.41548232625793813,0.3457174872695228,0.9997749502341877,0.7070041820406914,0.033400322188377574,71.61392792537468,0.0,270.0,32487.0,0.0,0.0,0.0,0.0,0.0,1.0,0.0,2.0,0.0,0.0,0.0,0.0,0.0,0.0,0.0,0.0,0.0,0.0,0.0,0.0,a9160b9d91
0.012710273322173957,0.007458759920491343,0.01120941372183937,0.054109834134578705,0.045711468905210495,1.43230402469635,0.037058299922701335,0.0,-1.0,502.28376984872034,503.04472962153176,1.682585059340056,0.29049680158619334,793.0,844.0,151793425.0,12.587977409362793,12.587977409362793,0.0,0.0,27.725795761982162,43.621700286865234,5.655357050973777,2.087977409362793,0.0,-1.0,1.2100000000000002,1.21,10.0,10.0,1.0,-1.0,18.972498643025148,137.0,25.517384885411335,1579.2624844499733,112.76128972779048,1738.0,4583.715320277481,-1.0,0.0,0.0,5.965836465449114,9.67534744578025,27.24,30.01,0.7337746578994135,0.21000000000000002,-1.0,0.006378176648302826,0.07,0.0018038030922338725,0.03,0.004954682779456193,0.04,0.006772703038919495,0.04,0.0,0.0,-1.0,1.5033845197740399,0.8112469708490775,0.45367253925420165,0.06341548879387905,0.08047438810031572,0.4143661246467595,0.3431539041710265,0.9950063783620141,0.7337227091193199,0.03377145428974172,71.72636114362771,0.0,274.0,32487.0,0.0,0.0,0.0,0.0,0.0,0.0,0.0,2.0,0.0,0.0,0.0,0.0,0.0,0.0,0.0,0.0,0.0,0.0,0.0,0.0,ae9785ab95
1.340110066357685,1.6340000075165932,1.8617709310570563,46.399253845214844,46.54701232910156,51.27142333984375,5.1353682644179095,0.0,384591490.0,601.5841484147796,903.0365441110343,365.30612838211164,47.43948101077526,522.0,828.0,319688805.0,16.327701568603516,18.552730560302734,2.2250289916992188,0.27938999703504314,1.0881675817995569,19.76639747619629,3.0026486991265924,10.327701568603516,0.11993000084096041,380188815.0,0.6563265306122448,0.68,15.58600583090379,15.0,1.0,-1.0,781.8393162393162,1024.0,371.32289930497205,1169.7030403998333,333.0120438553064,2006.0,2216.1119541306603,329691380.0,0.8396501457725948,0.0,4.756972482583981,3.7089945899361556,30.85,24.81,0.41690962099125367,0.23,-1.0,0.042256186317321684,0.58,0.013187772925764191,0.05,0.006690926734594857,0.12,0.07896166909267345,2.04,0.0,0.0,-1.0,0.3114794867688541,0.3373937992676462,0.9183790878767143,0.19318993166576026,0.1781263207956158,0.20758866904088505,0.011085183039285873,0.02100454366839707,1.6250000596046448,0.19809518719474678,31.95174683670554,0.0,2.0,25005.0,308.8333333333333,0.0,5.169442653656006,0.12306499481201172,0.05076922848820686,0.0,0.0,11.0,3.0,0.0,0.0,0.0,0.0,0.0,0.0,0.0,0.0,0.0,0.0,0.0,66bbaf3919__log_10_MAG_INTERFERENCE_1.bin
2.591587592019318,3.082468807006878,2.2749346187181123,92.81228637695312,92.5690689086914,57.30427932739258,7.829446883776345,5210638.0,311593668.0,521.8276424179519,1000.183983075114,783.3960682827991,114.64274665817783,920.0,1278.0,295192826.0,22.267396926879883,24.861783981323242,2.5943870544433594,0.46658156580155385,4.0720828551143295,44.56694030761719,7.913053740989586,1.8673973083496094,0.10435240915906614,299493093.0,0.7330206378986865,0.88,16.849906191369605,12.0,1.0,-1.0,48.57971014492754,720.0,159.60393967360667,1146.9845360824743,216.28205998263712,1905.0,2649.512415456291,311693729.0,0.05060918462980318,0.0,42.66563638864243,21.139614092344406,172.93,92.08,29.005365168539324,3.41,16.500189,0.28396067415730336,2.3,0.21659176029962546,3.38,0.08246254681647941,0.87,0.11728464419475655,1.32,0.0,0.0,308893738.0,4.23514623309079,3.432345790512201,4.852122307057378,0.82304179308921,0.9852981357270953,0.5111823898842902,0.08886331882848175,0.20354128263121865,6.625000953674316,1.3761380355594348,162.69596376662852,0.04400749063670412,3.0,51601.0,405.09090909090907,0.0,5.157861232757568,0.064453125,0.0,10.0,4.0,5.0,1.0,1.0,0.0,0.0,0.0,0.0,0.0,0.0,0.0,0.0,0.0,0.0,c648fe37de__log_01_VIBE_HIGH.bin
0.07130781793881132,0.5804581447404983,0.5449039824418449,3.9766488075256348,3.312044382095337,4.572971343994141,0.26869440791512234,0.0,-1.0,584.0130910535427,584.7093294962891,1.4760999902878211,0.2854565690711491,22.0,164.0,300767764.0,11.946236610412598,12.587977409362793,0.6417407989501953,0.11972930663859813,29.73130870963109,44.78494644165039,8.491507076630798,1.4462366104125977,0.050980453656746784,-1.0,1.2100000000000004,1.21,10.0,10.0,1.0,-1.0,195.18565400843883,569.0,113.09521083593128,1599.037753222836,172.5769357673737,1911.0,3584.4882818402452,320025366.0,0.003683241252302026,0.0,3.1792287859445687,0.246654088217325,13.61,1.14,1.1383977900552489,2.4699999999999998,-1.0,0.1477900552486188,0.34,0.06327808471454881,0.13,0.0011049723756906078,0.01,0.15548802946593004,0.74,0.0,0.0,-1.0,0.04230388363225168,0.45393506988508625,0.5861143212699578,0.717567688463049,0.02072817192988955,0.03794853042968032,0.41870403823445546,0.9375535533701391,1.830207347869873,0.42800995851494983,50.421515239168805,0.0,9411.0,4998.0,0.0,0.0,0.0,0.0,0.0,0.0,0.0,3.0,1.0,0.0,0.0,0.0,0.0,0.0,0.0,0.0,0.0,0.0,0.0,0.0,00afa36e54__log_0007_vibration_high.bin
0.3818112606182694,0.39957316855434327,1.093177689705044,13.57241439819336,6.2079691886901855,14.928301811218262,1.680184827031534,0.0,-1.0,143.5375043458548,185.06485349736184,83.807754980764,24.746915891959326,85.0,45.0,-1.0,15.04,15.06,0.02000000000000135,0.008267972847077424,0.0,0.0,0.0,0.0,0.0013280212483400631,-1.0,0.0,0.0,0.0,0.0,0.0,0.0,0.0,0.0,0.0,0.0,0.0,0.0,0.0,0.0,0.0,0.0,2.066503383586632,3.13579963635673,9.86,16.01,2.31575,6.029999999999999,-1.0,0.0,0.0,0.0,0.0,0.0,0.0,0.0,0.0,0.0,0.0,0.0,7.213423148505717,4.287660670033825,2.176799238664841,0.865934533011142,2.3584368912473543,2.4464066020038384,0.0,0.0,0.0,0.0,0.0,0.0,515.0,5255.0,0.0,0.0,0.0,0.0,0.0,0.0,0.0,3.0,1.0,0.0,0.0,0.0,0.0,0.0,0.0,0.0,0.0,0.0,0.0,0.0,12ee853194__log_0009_compass_interference.bin
8.601114150081107,6.481019431586141,24.101415717223688,77.92170715332031,88.43595886230469,87.56224822998047,14.19563997689905,979.0,49518158.0,526.2085528706476,688.9383136391821,301.3741254070906,41.122056974252,781.0,909.0,37000350.0,6.83,23.19,16.36,1.131537721427621,0.0,0.0,0.0,0.0,0.7054764984907287,63727697.0,0.0,0.0,0.0,0.0,0.0,0.0,0.0,0.0,0.0,0.0,0.0,0.0,0.0,0.0,0.0,0.0,32.503537751753726,14.068671422049697,174.67,72.71,16.79996282527881,6.35,17.415803,1.8863940520446099,15.57,3.3411152416356873,24.94,0.07754646840148699,0.41,1.6042379182156135,7.1,0.20446096654275092,14.0,53818424.0,4.7673018384027115,5.6617963737374595,4.956714317066527,1.5710460710161271,1.0996771283010793,0.9776210146398757,0.0,0.0,0.0,0.0,0.0,0.0,8.0,12159.0,0.0,0.0,4.99,0.2699999999999996,4.79,2.0,0.0,4.0,0.0,0.0,0.0,0.0,0.0,0.0,0.0,0.0,0.0,0.0,0.0,0.0,16c0fe0044__log_0010_compass_interference.bin
5.6284896889146525,7.151171199519304,13.535893597830801,38.87939453125,20.695396423339844,83.27505493164062,10.260018942633138,17549.0,589954380.0,470.9974273785781,501.75292724607,45.961308191923706,6.628576693372567,622.0,417.0,551744108.0,14.158348083496094,15.83206844329834,1.673720359802246,0.28782198153982297,6.424705538951176,24.154613494873047,3.2093210732095536,0.0,0.10571709980894671,659971369.0,0.0,0.0,0.0,0.0,0.0,0.0,0.0,0.0,0.0,0.0,0.0,0.0,0.0,0.0,0.0,0.0,2.432199928741417,9.800040752616681,14.43,60.51,1.245092091007584,0.11,112.428086,0.16529794149512458,0.66,0.07789815817984833,0.13,0.012849404117009751,0.05,0.015092091007583965,0.11,0.0,0.0,-1.0,2.1456451796786866,0.4982357202374869,0.9119572260675823,0.17393680484558247,0.40013125676902483,0.2172040454230487,0.0,0.0,0.0,0.0,0.0,0.0,21.0,7497.0,0.0,0.0,5.157861232757568,0.06123065948486328,5.264000415802002,3.0,1.0,6.0,2.0,1.0,0.0,0.0,1.0,0.0,0.0,0.0,0.0,0.0,0.0,0.0,1820618f38__log_0004_vibration_high.bin
8.532844114919438,16.280027250672312,16.070370960154232,16.059019088745117,32.043663024902344,32.47712707519531,7.94469684444467,442.0,215174898.0,500.28938127625213,513.2835473692879,20.719845905203158,3.7076300633173935,84.0,135.0,208674118.0,0.0,0.0,0.0,0.0,0.0,0.0,0.0,0.0,0.0,0.0,0.6524931506849315,0.68,17.77260273972603,17.0,1.0,-1.0,42.03189792663477,136.0,26.233504334484405,1383.5388049450548,130.20128596831375,1625.0,5332.305716945422,-1.0,0.0,0.0,1.276186368898745,0.9762115760318566,11.4,5.61,0.30093406593406596,0.0,-1.0,0.044642857142857144,0.16,0.02151098901098901,0.04,0.009903846153846155,0.17,0.01958791208791209,0.06,0.0,0.0,-1.0,0.34809872216931853,0.4160922220500362,0.5614324469234018,0.06677679809483364,0.04993080093473083,0.02187873810664633,0.151772126240098,0.8718030451441139,1.9950509071350098,0.6599972427078605,34.52713797219719,0.0,7.0,13606.0,340.625,0.0,4.896826267242432,0.11601543426513672,0.0,0.0,0.0,7.0,1.0,0.0,0.0,0.0,0.0,0.0,0.0,0.0,0.0,0.0,0.0,0.0,33c535f6f0__log_0001_vibration_high.bin
1.1242599377510254,1.430606137512782,1.5105495213931073,96.94197845458984,76.45023345947266,23.93018913269043,2.3570307995990802,0.0,-1.0,505.3238414304725,1205.160155332062,825.324664625888,68.78769440793799,1296.0,1221.0,52622639.0,11.01607608795166,16.759323120117188,5.743247032165527,0.9025546727371752,2.8922139873686272,10.1016206741333,1.7713076979876075,11.01607608795166,0.3426896773218469,226129821.0,0.6312307692307693,0.67,16.142986425339366,15.0,1.0,-1.0,586.3493282149713,1051.0,115.89474941086604,1387.819578175149,244.09000945591916,1951.0,6677.704183769442,62134737.0,0.0050435580009170105,0.0,40.84198370596308,5.38548907993416,167.75,48.65,13.340252177900046,0.48,189.50971,0.090215497478221,0.83,0.03049060064190738,0.26,0.014176983035304907,0.19,0.20735671710224668,3.41,0.0,0.0,-1.0,2.3213028050076012,2.2004220649677246,5.065965615004875,0.4818932381586735,0.3807888328568837,0.21763451795122818,0.151599236640174,0.8158733669494012,0.7579269409179688,0.0780833844991243,59.369839562219425,0.0,2527.0,52001.0,617.1363636363636,0.0,4.548779010772705,0.233642578125,4.485000133514404,0.0,0.0,9.0,0.0,0.0,0.0,0.0,0.0,0.0,0.0,0.0,0.0,0.0,0.0,0.0,7065a3cd0f__log_0003_vibration_high.bin
3.688934829048095,4.842575602330444,7.533780325419298,17.691287994384766,32.02238082885742,25.60433578491211,5.4590363339739065,2371.0,-1.0,443.57308583215223,638.4731787632116,357.50876820557534,34.20968127853576,848.0,1054.0,106416177.0,10.51,15.18,4.67,0.8776943883400211,0.0,0.0,0.0,0.0,0.30764163372859027,557447333.0,0.0,0.0,0.0,0.0,0.0,0.0,0.0,0.0,0.0,0.0,0.0,0.0,0.0,0.0,0.0,0.0,16.371295591505387,4.418411116840736,173.16,69.46,3.2857078142695353,0.68,465.239245,0.0,0.0,0.0,0.0,0.0,0.0,0.0,0.0,0.0,0.0,0.0,0.9046028059585218,1.3240545680773763,2.0662839043551284,0.17459825714366348,0.184959902572505,0.1946752279010166,0.0,0.0,0.0,0.0,0.0,0.0,790.0,5265.0,0.0,0.0,5.09,0.10000000000000053,5.04,12.0,5.0,13.0,2.0,1.0,0.0,0.0,2.0,0.0,0.0,0.0,0.0,0.0,0.0,0.0,a004f350c2__log_0005_vibration_high.bin
7.389678150253797,7.267314008168166,9.155791583718734,90.3715591430664,94.54360961914062,92.72723388671875,10.885456297062296,140405.0,634765769.0,591.7317928544054,680.4586688403639,368.66707177591445,38.578050133355596,1051.0,1149.0,593536313.0,15.483195304870605,16.62290382385254,1.1397085189819336,0.18815700276937664,16.80004136901358,54.94646453857422,11.11671843696502,0.0,0.06856254064025462,638976727.0,0.0,0.0,0.0,0.0,0.0,0.0,0.0,0.0,0.0,0.0,0.0,0.0,0.0,0.0,0.0,0.0,66.57097190072233,10.257800251299525,173.03,71.73,45.088221906116644,2.04,48.053154,0.4979089615931721,2.45,0.9695021337126601,5.21,0.14729729729729732,2.16,1.7484210526315782,6.52,0.30867709815078237,1.0,635267178.0,6.570928939898059,5.447630966867883,10.107030010713588,4.00657904737649,2.2589940277651253,1.6362360795663722,0.0,0.0,0.0,0.0,0.0,0.0,109.0,3590.0,0.0,0.0,4.956445217132568,0.02900409698486328,4.950000286102295,7.0,3.0,12.0,6.0,1.0,0.0,0.0,2.0,0.0,0.0,0.0,0.0,0.0,0.0,0.0,a7290a8733__log_0006_vibration_high.bin
2.1820231177088782,3.896147108069203,4.108202957754998,30.43065643310547,52.52759552001953,31.108320236206055,5.398796667863757,172651954.0,329498772.0,425.4094998777238,1671.5262486721529,1440.0678290802098,177.44562960803802,1355.0,1101.0,215722369.0,0.0,0.0,0.0,0.0,0.0,0.0,0.0,0.0,0.0,0.0,0.6029874213836478,0.65,17.87735849056604,16.0,1.0,-1.0,148.78917910447763,603.0,183.4166062549201,1347.3968503937008,202.75105299700007,1851.0,3849.7053523992367,327596245.0,0.0,0.0,12.946378573964314,8.681630107139716,170.72,77.59,6.3962106918238995,0.010000000000000009,111.473044,0.41831761006289303,2.51,0.4492610062893082,4.26,0.01745283018867925,0.17,1.243254716981132,6.07,0.0,4.0,324783768.0,3.2518890109475884,3.801373234303137,3.074518444193515,1.1203051353991051,1.0709451492402633,0.7959277600138808,0.1521845123168292,0.43481289973861725,3.6250038146972656,0.6621423663946167,642.9744448907467,0.03930817610062893,60.0,39911.0,0.0,0.0,4.653515338897705,0.29648447036743164,4.672000408172607,11.0,2.0,8.0,1.0,0.0,0.0,0.0,0.0,0.0,0.0,0.0,0.0,0.0,0.0,0.0,b0db91ee3d__log_0008_compass_interference.bin
0.0,0.0,0.0,0.0,0.0,0.0,0.0,0.0,0.0,497.4975691340209,515.3833524668797,41.0195680144829,5.8997222196442705,218.0,266.0,0.0,11.63,12.24,0.6099999999999994,0.1396467305464924,13.020983606557378,21.81,5.5660018039611225,0.0,0.0498366013071895,-1.0,1.5947213114754097,1.6,9.0,9.0,1.0,-1.0,0.0,0.0,0.0,0.0,0.0,0.0,0.0,-1.0,0.0,0.0,4.709419865077153,4.761077282266717,15.66,21.66,2.358944612841003,15.66,-1.0,0.0,0.0,0.0,0.0,0.0,0.0,0.0,0.0,0.0,0.0,0.0,0.47785064679155476,0.5789599403365957,1.0813153092652241,0.24257878468546834,0.25762991839899496,0.11940750544160485,0.0,0.0,19.85999870300293,6.154299278752055,135.11469681851617,0.0,463.0,1714207.0,0.0,0.0,5.05,0.04999999999999982,0.07,0.0,0.0,4.0,0.0,0.0,0.0,0.0,0.0,0.0,0.0,0.0,0.0,0.0,0.0,0.0,b9daccd263__log_0012_gps_quality_poor.bin
9.817657744331305,16.153889099815018,65.69426487476555,33.03526306152344,56.89408493041992,120.76351165771484,37.42253671872149,3523622.0,120061540.0,468.68371569290014,667.7828988526136,297.0201714918391,59.06476471304452,784.0,700.0,26654714.0,10.062281608581543,12.79736614227295,2.7350845336914062,0.5460381043303628,0.0,0.0,0.0,-0.43771839141845703,0.21372245689343275,127056957.0,0.8414999999999999,1.03,12.123333333333333,10.0,1.0,-1.0,338.4710144927536,690.0,189.47690930517197,1436.7826086956522,222.69361287638492,1886.0,7164.6526024522,121361880.0,0.0,0.0016722408026755853,31.007349201659345,5.212155878572637,179.43,36.05,3.6959432387312185,0.0,141.201699,3.115525876460768,8.47,0.08153589315525878,0.94,2.4386644407345575,5.63,0.09420701168614357,1.96,0.07846410684474124,2.0,-1.0,2.489717224449366,3.851363189042363,10.41823777198795,0.9678913147760132,1.0471493685606077,0.5294648059752036,0.1995544036158352,0.9950969398877557,75.85823059082031,16.183132095092166,766.1611083728767,0.005008347245409015,0.0,2786.0,411.0,0.0,4.804980278015137,0.17402362823486328,4.988000392913818,7.0,2.0,5.0,0.0,0.0,0.0,0.0,0.0,0.0,0.0,0.0,0.0,0.0,0.0,0.0,c1bcef192f__log_0002_vibration_high.bin
11.021256844574582,6.901154967388716,14.503862640583636,56.38585662841797,36.08673095703125,43.013450622558594,7.122088746494986,777.0,191374655.0,717.6103632625974,941.1535475149632,400.2422793757239,78.946058204081,955.0,674.0,103053159.0,17.034652709960938,22.7637939453125,5.7291412353515625,0.6728357583800912,39.40444661866019,68.8891830444336,5.728841088977329,0.0,0.2516777848681635,397796413.0,0.0,0.0,0.0,0.0,0.0,0.0,0.0,0.0,0.0,0.0,0.0,0.0,0.0,0.0,0.0,0.0,1.973837955010954,6.429385776232939,15.88,72.38,0.45550418760469014,0.8,296.443808,0.13542043551088778,3.21,0.04448576214405361,3.36,0.011815745393634839,0.11,0.581463986599665,1.75,0.0,1.0,398903411.0,0.9351324006576119,0.40630941724398795,0.9025318260497621,0.09147852912532549,0.12470006460120525,0.25895474283556974,0.0,0.0,0.0,0.0,0.0,0.0,30.0,12270.0,0.0,0.0,4.813036918640137,0.29165029525756836,4.510000228881836,1.0,0.0,3.0,0.0,1.0,0.0,0.0,0.0,0.0,0.0,0.0,0.0,0.0,0.0,0.0,d74079b8cc__log_0011_compass_interference.bin
0.767647898311048,1.0682160139021866,2.077692701415183,16.02001953125,39.12113571166992,36.283714294433594,1.517139174638862,0.0,412753142.0,384.46541065906825,460.0695599580568,208.84058073790393,21.67043881992839,793.0,745.0,16467861.0,15.471272468566895,19.26728057861328,3.7960081100463867,0.5230627388193166,0.4537972979490544,4.3143310546875,0.2510566341212513,-2.0287275314331055,0.1970183646082345,410640934.0,1.2037114914425424,33.19,18.211735941320292,4.0,1.0,16625667.0,83.4123246492986,665.0,67.36644048050067,1443.7406999510524,276.75874634857854,1944.0,3565.223670130312,411547473.0,0.0007342143906020558,0.0,18.58719457036376,6.27266308341563,133.39,67.65,1.3918517612524464,0.020000000000000018,396.049893,0.0390362035225049,0.17,0.01427348336594912,0.24,0.014143835616438357,0.09,0.05449608610567515,0.63,0.03644814090019569,2.0,-1.0,1.0832656980000313,1.9667317744811146,2.118624619667625,0.34125944726487967,0.12307891689905777,0.242828074092937,0.27315932862884723,0.6295127852270681,0.35710012912750244,0.0694268923126326,30.6910308447055,0.0,449.0,111851.0,537.8095238095239,0.0,5.074072360992432,0.2545895576477051,0.01600000075995922,3.0,0.0,5.0,0.0,1.0,0.0,0.0,0.0,0.0,0.0,0.0,0.0,0.0,0.0,0.0,4dbb9b5fad__log_0009_pid_tuning_issue.bin
3.7048462608998474,3.6430991448160976,4.8920483071770935,43.30548858642578,36.55628967285156,60.3983039855957,10.298187798559566,29.0,255936891.0,394.9959614746195,400.4060439104285,35.76786708304252,7.246407298856623,338.0,234.0,247669051.0,12.858414649963379,13.14068603515625,0.2822713851928711,0.0711790182536162,2.2914691329057706,10.877593040466309,3.25879943326952,-8.741585731506348,0.021480719076438594,254831346.0,99.98999999999998,99.99,0.0,0.0,0.0,247872111.0,0.0,0.0,0.0,1165.3578643578644,146.91297327551152,1651.0,5826.789234963397,-1.0,0.0,0.0,61.71659305585987,15.824738552341852,179.42,84.07,0.16828282828282845,0.54,8.300308,0.0,0.0,0.0014141414141414144,0.01,0.013737373737373739,0.07,0.10989898989898989,1.27,1.0,0.0,-1.0,2.6916906618487846,1.6991537400934547,6.770022097798073,0.3743359477212504,1.0404531553249212,0.12087376054054176,0.015957384965866992,0.07978692364041715,0.7699639201164246,0.18299870539828747,29.048520604872476,0.0,8.0,33961.0,288.0,0.0,4.706689357757568,0.08540058135986328,4.720000267028809,1.0,1.0,2.0,0.0,0.0,0.0,0.0,0.0,0.0,0.0,0.0,0.0,0.0,0.0,0.0,0818fe7e5c__log_0010_rc_failsafe.bin
0.8318241351491792,1.3336336847408106,1.435074269650973,8.642560958862305,5.195714950561523,13.129823684692383,0.9052685912782811,168.0,-1.0,0.0,0.0,0.0,0.0,0.0,0.0,0.0,7.39707088470459,7.922014236450195,0.5249433517456055,0.09010310782584979,3.11374158608286,6.9028401374816895,0.9828355607021111,7.39707088470459,0.06626387381763016,696624802.0,0.5918867924528303,0.61,18.849056603773583,18.0,1.0,-1.0,225.3146853146853,618.0,137.90107022411723,1546.736531986532,116.21865108793922,2000.0,0.0,696584803.0,0.016835016835016835,0.0,10.595699402714324,4.62389683532756,43.73,24.97,4.981094339622642,26.15,-1.0,0.09231939163498101,0.29,0.028250950570342208,0.09,0.021292775665399243,0.14,0.0,0.0,0.0038022813688212928,0.0,-1.0,0.7521219501876557,0.38567673825155213,2.0706385446906093,0.428460023876422,0.19994614139553676,0.26130359588957996,0.0,0.0,0.0,0.0,0.0,0.0,3.0,35741.0,84.94827586206897,0.0,0.0,0.0,0.0,0.0,0.0,7.0,0.0,0.0,0.0,0.0,0.0,0.0,0.0,0.0,0.0,0.0,0.0,0.0,8dda19965d__log_0011_rc_failsafe.bin
3.012353716189823,2.251107052208916,9.516083917202007,11.055063247680664,10.206182479858398,47.15044403076172,10.15446607649611,0.0,290580090.0,578.8608339545696,671.1184694225007,247.72975913371653,31.46661365887044,939.0,665.0,262768547.0,10.948112487792969,12.39937973022461,1.4512672424316406,0.4497062853990309,9.514710085017313,26.363834381103516,7.401790978110473,0.9481124877929688,0.11704353556444808,-1.0,2.2085897435897435,4.56,7.410256410256411,5.0,1.0,278371319.0,538.2428571428571,950.0,209.0557753588366,1229.3296774193548,215.00269545923058,1950.0,2358.6225433151517,277478836.0,0.08064516129032258,0.0,26.724948630644633,10.89144284521318,169.95,79.54,8.157073954983924,1.38,28.206717,0.4490675241157556,1.53,0.018649517684887464,0.06,0.02652733118971061,0.52,0.05964630225080386,0.54,0.0,0.0,-1.0,1.88912392037735,1.6628676947024306,2.4494997732876382,1.2325639204566337,3.2496594363145386,2.1204126368841933,0.06251945561915412,0.11995138499273848,3.625000476837158,1.2769146707975065,337.1459538167382,0.04823151125401929,5.0,22501.0,423.6666666666667,0.0,4.756640434265137,0.09829092025756836,4.694944858551025,2.0,1.0,3.0,1.0,0.0,0.0,0.0,1.0,0.0,0.0,0.0,0.0,0.0,0.0,0.0,af2836cad8__log_0009_rc_failsafe.bin
0.022667496204478946,0.02530430005629118,0.03619826758135724,1.0263614654541016,1.5413427352905273,3.5186142921447754,0.03847013732180524,0.0,-1.0,317.9532338663067,510.73084888226595,510.73084888226595,225.7678748847154,156.0,88.0,6129777152.0,0.7276577353477478,0.7762261033058167,0.04856836795806885,0.0059400849656899325,0.9437465096883619,0.9602620601654053,0.0038891248538746497,0.6276577338576317,0.06256987204014955,6130880885.0,1.0835189806909233,1.77,11.016419282805726,8.0,1.0,-1.0,508.81032317758246,950.0,454.33660402898664,1286.9847941697853,359.95595022982803,1950.0,1871.9778824287787,6148585753.0,0.5006237279233143,0.0,0.9746929824081229,1.3936112492294717,5.1,4.87,3.9688734243697477,3.0,-1.0,0.13095719537815126,1.1,0.019028361344537816,0.1,0.005224527310924371,0.05,0.005732668067226891,0.16,0.0,0.0,-1.0,0.22323924078548307,0.168769905031266,0.030137963879381214,0.005628780166402521,0.008170862187085076,0.008523022444271562,0.46538851238439244,0.676928745286389,1.8474559783935547,0.44552315513227225,2.0191925800058463,0.29831932773109243,4.0,22500.0,401.3377483443709,0.0,4.605175495147705,0.07573270797729492,4.42417573928833,74.0,48.0,74.0,3.0,0.0,0.0,0.0,48.0,0.0,0.0,0.0,0.0,0.0,0.0,0.0,b89fc87fea__log_0008_rc_failsafe.bin
0.34749504719562013,0.37464590860034414,0.6069057917655382,7.58154821395874,10.545830726623535,15.712987899780273,1.8621484404251258,0.0,-1.0,494.158488568387,537.1210291917456,346.0241950997073,34.74150269773621,162.0,254.0,1626071590.0,23.005067825317383,24.148609161376953,1.1435413360595703,0.13767362779895864,nan,nan,nan,3.005067825317383,0.04735433533325551,1674371409.0,0.6567571476248748,0.83,28.28267882968072,18.0,1.0,-1.0,132.9145203014284,565.0,95.56443092687209,1070.4546263345196,134.49880318013558,1665.0,6831.862570426012,1673976774.0,0.0,0.0,1.499841333421178,3.325392600552328,13.66,9.54,1.038698988101857,0.63,-1.0,0.08389865065243181,2.3,0.04225682087781732,8.33,0.11011639976275206,0.94,0.015480427046263345,0.48,0.0,5.0,2873975760.0,0.19276354229950068,0.24967966496362184,0.3470297620294431,0.03624290635709637,0.019736747507739374,0.03199587285745424,0.013923116765930787,0.08866611954404496,0.7678855657577515,0.052891241056718725,750.4683075343232,0.0,2.0,30734.0,286.4831460674157,0.0,5.189080715179443,0.03998088836669922,0.04800000041723251,6.0,0.0,3.0,0.0,0.0,0.0,0.0,0.0,0.0,0.0,0.0,0.0,0.0,0.0,0.0,14f3d25271__log_0010_ekf_failure.bin
6.890749966014135,6.791386616372572,9.342705199423554,16.197845458984375,31.80521011352539,45.722557067871094,4.428430341788408,1712.0,268748818.0,0.0,0.0,0.0,0.0,0.0,0.0,0.0,0.0,0.0,0.0,0.0,0.0,0.0,0.0,0.0,0.0,0.0,0.760063938618926,0.9,14.335038363171355,13.0,1.0,-1.0,354.9710451977401,768.0,101.60961564796858,1669.112623925975,220.68424448212372,1952.0,3005.604089313869,126523463.0,0.32782551222736284,0.0,3.307913535117648,5.009779848078068,22.74,39.69,1.853932584269663,0.0,-1.0,0.3326371447455386,1.62,0.06159947124917384,0.72,0.014613350958360872,0.1,0.3581493721083939,2.03,0.0,0.0,-1.0,0.9530862619191653,0.6882123648623899,0.9810979748634961,0.2589373430047648,0.22234953983740813,0.2341230480982555,0.5019475643677924,0.9506891292271427,6.43311882019043,1.8624345598286391,40.86662718215452,0.010575016523463317,3493.0,47565.0,0.0,0.0,5.090185642242432,0.21591758728027344,3.746000289916992,3.0,0.0,6.0,0.0,1.0,0.0,0.0,0.0,0.0,0.0,0.0,0.0,0.0,0.0,0.0,5c454779ec__log_0013_power_instability.bin
6.18547890232913,8.27537615087989,4.483328049835485,33.345394134521484,35.525028228759766,44.35956573486328,3.840730000129421,13217.0,80915887.0,586.2664763297523,698.9055730211343,176.13506887997676,24.217149409487227,161.0,150.0,63413443.0,0.0,0.0,0.0,0.0,0.0,0.0,0.0,0.0,0.0,0.0,0.9105940594059406,1.28,10.673267326732674,7.0,1.0,-1.0,100.39933628318585,504.0,125.7175107997425,1230.3025398406373,174.29755106796608,1785.0,3696.04008571278,114815892.0,0.0,0.0,2.800618693840771,2.5292267164243456,12.49,20.33,1.1139800995024876,0.0,-1.0,0.18298507462686564,3.21,0.06853731343283581,3.24,0.03,0.44,0.03929353233830846,0.56,0.0,0.0,236815722.0,1.3027019646294749,1.6996285086326899,2.2122143921579402,0.19499582958770192,0.20409097579314606,0.0882300770236685,0.07568277711968462,0.22736405800532097,4.187767028808594,1.0549874994014279,73.25587179135937,0.0,8.0,49205.0,213.3,0.0,0.0,0.0,0.0,3.0,1.0,7.0,1.0,0.0,0.0,0.0,0.0,0.0,0.0,0.0,0.0,0.0,0.0,0.0,694da9f46e__log_0012_power_instability.bin
2.3889110113296033,3.438251738095176,5.740998907865982,16.738433837890625,16.212013244628906,46.1690788269043,7.771617384325576,0.0,457264831.0,563.8851328684743,853.2215421565492,352.21355818822957,59.85955246084091,585.0,341.0,431001914.0,23.74,25.02,1.2800000000000011,0.2731247709305543,0.0,0.0,0.0,0.0,0.0511590727418066,456351619.0,0.0,0.0,0.0,0.0,0.0,0.0,0.0,0.0,0.0,0.0,0.0,0.0,0.0,0.0,0.0,0.0,4.81864479187558,5.762373144447574,30.97,59.7,1.457239819004525,1.57,-1.0,0.0,0.0,0.0,0.0,0.0,0.0,0.0,0.0,0.0,0.0,0.0,0.29380974319260567,0.31850830361682475,0.8789928917237382,0.3750674903359076,0.5088978728567595,0.039139078850867065,0.0,0.0,0.0,0.0,0.0,0.0,20.0,4246.0,0.0,0.0,5.22,0.04999999999999982,0.02,0.0,0.0,3.0,0.0,0.0,0.0,0.0,0.0,0.0,0.0,0.0,0.0,0.0,0.0,0.0,db9fa2016d__log_0011_power_instability.bin
0.05113143738061943,0.04368676501915894,0.2207226809808532,2.4497742652893066,2.0277748107910156,12.23611068725586,0.6790077690536347,0.0,-1.0,0.0,0.0,0.0,0.0,0.0,0.0,0.0,11.896871566772461,12.587977409362793,0.691105842590332,0.21344032077048486,2.39322672837833,14.706745147705078,3.744248435781183,11.896871566772461,0.05490205615369912,-1.0,1.2095906040268458,1.21,9.991946308724833,0.0,0.998993288590604,-1.0,360.1216395231045,1000.0,279.1368210216112,1461.7775132478305,194.2924527918653,2000.0,0.0,13217538.0,0.1589739651332463,0.0,13.120375352214317,5.207955654316514,171.87,50.64,2.4033168150512347,0.0,54.887166,0.43980905114401075,5.39,1.1249604643337818,24.23,0.5483142664872139,20.11,0.0,0.0,0.3172106325706595,0.0,37414695.0,1.3144024819630509,0.6376031203274201,3.8796126930717465,0.48802994198079497,0.2888538318479434,0.1559836599550114,35.92054171919475,0.0,0.0,0.0,0.0,0.6062514399815683,2272.0,8910120.0,0.0,0.0,0.0,0.0,0.0,0.0,0.0,9.0,0.0,0.0,0.0,0.0,0.0,0.0,0.0,0.0,0.0,0.0,0.0,0.0,f121066e7e__log_0008_ekf_failure.bin
0.7958186184437741,0.8247387058794197,5.631816094119296,8.546092987060547,9.867127418518066,70.24866485595703,15.32401704152239,1811.0,63662962.0,461.5650571730387,464.86449638577477,8.9862231592478,1.305653421170124,56.0,46.0,10438732.0,24.165691375732422,25.28546905517578,1.1197776794433594,0.2077543299972766,0.0,0.0,0.0,0.0,0.0442854224693193,63561803.0,0.8834265734265735,99.99,21.63986013986014,0.0,0.9965034965034965,12784416.0,768.0,768.0,0.0,2384.224885368904,8736.019388856326,65535.0,9987.534735928753,20449884.0,0.01517706576728499,0.0,0.5004864948354325,0.6098765960064781,5.38,5.18,0.5026430976430977,0.010000000000000009,-1.0,0.008871794871794875,0.15,0.002102564102564103,0.04,0.007811965811965813,0.09,0.0015213675213675215,0.05,0.6136752136752137,0.0,-1.0,0.2229627821026216,0.32475473659595677,0.6689438347105351,0.04443958984397538,0.05098511365227079,0.013300265659541727,0.020886039791202647,0.08769877434655433,0.21861085295677185,0.060823595999408495,9.876191278420139,0.0,14.0,41218.0,0.0,0.0,5.177196979522705,0.06606483459472656,5.273000240325928,0.0,0.0,3.0,0.0,0.0,0.0,0.0,0.0,0.0,0.0,0.0,0.0,0.0,0.0,0.0,23941a01aa__batch1_midair_reboot_17918.bin
7.262470600205033,7.456976405315493,6.0211499309853505,12.008079528808594,12.267400741577148,9.7595796585083,2.319573820788567,0.0,-1.0,395.11201817078086,541.3667887855701,227.91982357454748,44.3246769297699,328.0,154.0,52542397.0,8.968428611755371,20.556079864501953,11.587651252746582,1.2469657686094435,7.7532743158246245,13.232945442199707,3.072416773316507,-9.531571388244629,0.5637091959716092,110000103.0,0.9903424657534247,1.03,18.96917808219178,18.0,1.0,-1.0,589.5,971.0,48.11545290767446,1220.381798245614,258.6508273754976,1953.0,4301.614377149028,62548524.0,0.010526315789473684,0.0,2.1736909920066947,1.8685373306757427,19.99,17.02,0.9787040280210159,3.07,-1.0,0.03535901926444834,0.11,0.008686514886164622,0.03,0.012837127845884413,0.06,0.03359019264448336,0.28,0.0,0.0,-1.0,0.4675287065282159,1.0284361866600358,0.7384775662171873,0.1242607172739575,0.1425785909804167,0.07058752466032278,0.2523829893610409,0.9064884342977759,1.8775911331176758,0.12691308460157985,34.66570138214601,0.010507880910683012,997.0,47524.0,611.0,0.0,5.161083698272705,0.027392864227294922,0.0,0.0,0.0,2.0,0.0,0.0,0.0,0.0,0.0,0.0,0.0,0.0,0.0,0.0,0.0,0.0,277840edde__batch2_crash_4_0_rc3.bin
1.5671321297392111,2.189472764498581,3.679009149047458,55.4574089050293,62.268890380859375,83.6866683959961,6.3028465708010435,0.0,105163600.0,465.9919954026064,517.2784549930531,108.02425525895137,16.68264103470741,839.0,745.0,9962523.0,5.890321254730225,23.8743839263916,17.984062671661377,1.3826688973171002,17.7160043765488,50.28241729736328,16.54958438990365,-14.809679508209229,0.7532786071929232,106763088.0,0.7155544147843943,1.26,16.888090349075977,14.0,1.0,-1.0,295.9139908256881,639.0,146.76466741836037,1372.4444444444443,237.35773993661746,1859.0,3828.4961094422233,19963461.0,0.0,0.0,5.386974795470601,3.4946112248959436,55.42,25.52,1.4188477366255143,0.9,-1.0,0.010820353063343719,0.1,0.004288681204569055,0.03,0.02039979231568017,0.35,0.0,0.0,0.6251298026998962,0.0,-1.0,0.903190204083668,2.2113426378297882,1.4925216032526099,0.1289811538874922,0.18831765132349815,0.3259531739710217,0.18081877283021855,0.5050750980285901,2.6361117362976074,0.3740900813519536,94.67760499828609,0.026748971193415638,1.0,41171.0,300.77777777777777,0.0,4.883230686187744,0.25187063217163086,4.235604286193848,2.0,0.0,5.0,0.0,0.0,0.0,0.0,0.0,0.0,0.0,0.0,0.0,0.0,0.0,0.0,0981e19b7d__batch2_motor_130060.bin
3.770973678915513,4.6642201302173145,2.9538308383332703,27.18402671813965,29.423080444335938,31.117000579833984,2.4490268104718984,0.0,143652319.0,526.301617855039,945.9275870805334,689.1105315721423,77.605679344855,612.0,995.0,42340740.0,22.647785186767578,23.828632354736328,1.18084716796875,0.1768589641488789,1.5681215149015646,11.244049072265625,1.1393208831539874,5.847785949707031,0.04955580959870059,142849191.0,0.7799655172413793,0.97,15.370689655172415,13.0,1.0,-1.0,44.56214689265537,850.0,71.61162909844217,1208.2259036144578,133.72327921769738,1950.0,9665.41317410877,142652049.0,0.0068846815834767644,0.0,3.1779824344385634,4.826797919093433,43.68429183959961,70.17228698730469,1.1588715192506798,0.8813844565302134,100.510286,0.03876506024096386,0.25,0.00865748709122203,0.04,0.03196213425129088,0.28,0.11385972461273666,1.7,0.47547332185886404,0.0,-1.0,0.9128828453859532,0.518419055047452,1.1110071225774367,0.6556665572062976,0.386885411031587,0.8918547228976994,0.07875808156872884,0.6300611376747469,0.7861334010958672,0.07579590456151637,29.298883058095978,0.0008605851979345956,2.0,3145.0,466.9166666666667,0.0,nan,nan,nan,0.0,0.0,4.0,0.0,0.0,0.0,0.0,0.0,0.0,0.0,0.0,0.0,0.0,0.0,0.0,c8bfdfdd38__batch2_motor_140246_a.bin
8.583288077468623,10.399585969388609,8.486704316442133,64.84114074707031,72.4929428100586,69.85516357421875,8.775538139087017,0.0,75796257.0,471.3260691534345,1035.535127361694,768.216964866139,29.05385060304939,989.0,1669.0,58391826.0,18.352005004882812,25.10784912109375,6.7558441162109375,1.2192661153423636,4.414845005388168,31.654541015625,2.953532158770583,1.5520057678222656,0.2690729932153041,115393233.0,0.5004623115577891,0.69,26.785175879396984,20.0,1.0,-1.0,71.25835982199618,850.0,62.011039163287954,1330.8241996233521,150.4050897874268,1950.0,7028.016440427566,362207348.0,0.0038920276208411803,0.0,46.84930127817215,14.819866733584993,179.611083984375,78.53910827636719,4.338115514837146,0.15558704733848572,35.401148,0.07742937853107344,1.42,0.03159133709981168,0.27,0.09151726302573761,1.07,0.15943691148775893,6.66,0.05687382297551789,6.0,-1.0,1.8175914740316426,1.5677728322983682,6.3991390595438595,0.6972588818186959,0.6012978619186956,1.0753099781474678,0.15521412182918687,1.03673784032386,27.661861419677734,5.7202836772026,142.42227593520082,0.0008788449466415569,2.0,7801.0,440.2375,0.0,nan,nan,nan,16.0,4.0,19.0,1.0,0.0,0.0,0.0,3.0,0.0,0.0,0.0,0.0,0.0,0.0,0.0,07124add06__batch2_motor_140246_b.bin
6.275150469241532,3.1766856200619946,13.559882087784352,12.580653190612793,7.630861759185791,44.04096984863281,5.736268404133229,0.0,915099665.0,478.82180272240817,517.5384043720813,84.98667336178937,12.592716976647576,796.0,796.0,833896724.0,20.23381996154785,24.83109474182129,4.5972747802734375,0.6078785348761251,29.915497089821024,88.25479125976562,8.412859197110146,-1.0661792755126953,0.18514184847962287,1544156730.0,0.7032584406120961,0.81,14.942676706339567,13.0,1.0,-1.0,641.698363258825,809.0,8.857458738858108,1380.9068608109749,202.4325800824781,1683.0,11047.254886487799,843899504.0,0.0,0.0,7.253305731155079,9.150250279324466,54.78,65.94,1.1632372222896687,1.74,1531.057791,0.04517299987859658,0.24,0.010726599490105623,0.07,0.006877503945611267,0.07,0.04450588806604346,0.32,0.0,0.0,-1.0,0.9556547036982928,0.6409685404833236,1.1613266493140875,0.20264867076568852,0.2775354900425648,0.31794462159177106,0.09139102176540723,0.7288852175913767,2.1125011444091797,0.2549099126569738,60.14007432444922,0.0,3.0,35973.0,190.87719298245614,0.0,5.143359184265137,0.14663076400756836,0.004000000189989805,0.0,0.0,5.0,0.0,0.0,0.0,0.0,0.0,0.0,0.0,0.0,0.0,0.0,0.0,0.0,335e9881ac__batch2_esc_81059.bin
6.576028866799059,12.787178510461958,4.739614117674152,39.4072380065918,70.837890625,48.47850036621094,4.540377690271036,0.0,522388181.0,611.5208058182401,1773.1545335926025,1367.2850964579495,185.37458098163765,742.0,1273.0,171985337.0,27.246416091918945,49.61915969848633,22.372743606567383,1.3008448641179746,11.76155637038717,40.39240264892578,9.423866569799207,-15.953584671020508,0.45088920776806063,562885452.0,0.5686844978165938,0.7,23.721615720524017,15.0,1.0,-1.0,69.69976905311778,747.0,95.91445103218693,1387.7484997272231,258.35820874378976,1895.0,2943.057004167933,521888211.0,0.0,0.0,72.96597314721109,8.18575421892817,179.99,88.3,39.1282096069869,2.04,350.499888,0.03662484088016003,0.42,0.002584106201127478,0.05,0.03296599381705765,0.33,0.2991016548463357,1.99,0.0,0.0,-1.0,1.6100031693666592,0.6407192203129115,8.080670504377132,0.11906556429802494,0.21342808511013578,0.06230105633760817,0.27784168937263604,0.6016288436820293,2.5000000819563866,0.4087242151840122,21.008334975180155,0.0049126637554585155,2.0,19999.0,379.1111111111111,0.0,5.174478054046631,0.1273956298828125,4.552307605743408,1.0,0.0,7.0,0.0,1.0,0.0,0.0,0.0,136.13379232331656,136.13379232331656,136.13379232331656,37.07034808493882,34.186720919226076,32.575643136326676,0.0,8265f254a7__batch2_two_motors_132001.bin
2.7473658372753285,2.3502095289721945,5.0004926485239025,16.651304244995117,4.700488090515137,25.665817260742188,1.7652771130184894,0.0,-1.0,410.11113588127654,431.1728191804302,45.73021644949182,5.012945017629177,749.0,763.0,68946257.0,48.01142883300781,50.72846603393555,2.7170372009277344,0.6053695360434618,18.772787361281367,32.39876174926758,2.788396157259816,4.0114288330078125,0.05356040529808516,-1.0,0.7596523645474476,0.93,14.96022549326652,13.0,1.0,-1.0,361.1742289681899,476.0,28.858891558468084,1377.5029170733922,121.3005287071274,1576.0,8628.833057737738,143536602.0,0.0,0.0,1.4541191692210804,1.5679687562996947,23.83,20.4,0.21282695058000953,0.88,-1.0,0.055639599555061175,1.8,0.016888606388050214,0.85,0.013379945971714604,0.09,0.7121976799618625,3.84,0.0,1.0,-1.0,0.3398165983713833,0.8655756114709197,0.3573449042173073,0.058125971354937515,0.07288493169789634,0.2914083369995066,0.15361383377047907,0.9713014747999652,0.3110074996948242,0.04790112675903493,9.72628575961667,0.0,6482.0,29644.0,607.6666666666666,0.0,5.119189262390137,0.19013690948486328,5.220000267028809,1.0,0.0,4.0,0.0,0.0,0.0,0.0,0.0,0.0,0.0,0.0,0.0,0.0,0.0,0.0,c5640421c2__batch2_ekf_8931_a.bin
2.0358758848183105,1.454795586411475,4.841193934011784,12.022881507873535,5.517569541931152,26.27554702758789,2.8544018583312014,0.0,-1.0,401.9008099353992,438.47120772064386,72.79648887888419,9.18890225064491,775.0,714.0,6034472.0,45.837486267089844,48.5822868347168,2.744800567626953,0.8047976899757927,16.57052928823827,34.780216217041016,7.6333174822815675,1.8374862670898438,0.056497969660529127,-1.0,0.8432884460005386,1.52,13.690816051710208,12.0,1.0,-1.0,319.4736914035807,545.0,139.028019621707,1342.5004333673608,159.38390550179238,1645.0,7423.836191061855,135217903.0,0.0,0.0,1.0363203732262247,1.7284038366882093,13.51,18.72,0.2361054192504718,0.009999999999999953,-1.0,0.03669456066945607,0.34,0.015917127817519236,0.07,0.0062950465649885285,0.04,0.505335402888379,2.2,0.0514239438520718,0.0,-1.0,0.29977345377523473,0.3256756327522937,0.3938509427318518,0.07340456811815296,0.10203091359234845,0.2322190965645993,0.14194256182781007,0.8236816567860441,0.4638477563858032,0.08169167377906603,13.223139739009152,0.0,6998.0,29608.0,589.7837837837837,0.0,5.078906059265137,0.23686552047729492,5.2230000495910645,0.0,0.0,17.0,1.0,0.0,0.0,0.0,0.0,0.0,0.0,0.0,0.0,0.0,0.0,0.0,36c9f718b1__batch2_ekf_8931_b.bin
3.961698740065811,5.4313974142700285,4.999898157435952,7.412716865539551,13.255047798156738,9.518012046813965,2.135433379104291,0.0,-1.0,418.307565109566,513.090635268273,194.16431148799927,21.367481577536466,402.0,379.0,87754213.0,18.399757385253906,20.418888092041016,2.0191307067871094,0.5764499045104091,9.051248361314391,13.564215660095215,3.8806030234162847,-0.10024261474609375,0.09888543870193094,-1.0,6.537412021177204,100.0,9.585798816568047,0.0,0.9529741513547182,87774179.0,520.9144410682873,677.0,194.73807084481965,1224.5711001902346,277.71012088422157,1659.0,4610.203301086249,390517619.0,0.0,0.0,1.176771744038835,0.858840641469659,11.16,6.66,1.0132308180088776,2.61,-1.0,0.0,0.0,0.006780279010779961,0.2,0.011410906785034878,0.09,0.028149968294229548,0.36,1.0,0.0,-1.0,0.5873406451691084,1.182841217308431,0.7562101894912151,0.11572805386713816,0.09897996188972934,0.06029465081644844,0.2636813478308617,0.9312794995167648,4.499599456787109,1.3349138788759187,13.472314280707879,0.0,8088.0,4785.0,581.8923076923077,0.0,5.159472465515137,0.04511737823486328,0.0,3.0,1.0,5.0,1.0,0.0,0.0,0.0,0.0,0.0,0.0,0.0,0.0,0.0,0.0,0.0,5563ebf18d__batch2_crash_4_0_dropbox.bin
1.1458959139118055,0.5148694801754689,0.9874357255649926,63.30882263183594,28.34925651550293,57.591773986816406,2.370999199962437,0.0,303820392.0,526.9272287609897,730.8146139753911,606.9194970417525,59.242546642251526,1098.0,983.0,273341926.0,8.874438285827637,11.43798828125,2.5635499954223633,0.449296723921751,2.656618804751509,25.724201202392578,5.109002888637723,8.874438285827637,0.22412595050693704,327860787.0,0.6470607966457023,0.74,16.0167714884696,14.0,1.0,-1.0,423.38839859480765,1010.0,180.0239124790826,1413.4079146044794,206.19307269690302,2000.0,0.0,283340771.0,0.009898498448116768,0.0,13.855908316057642,10.606796534351032,178.46,94.96,3.472574966738307,0.0,17.678029,0.09457118002251562,0.82,0.029061508545696453,0.16,0.033876778221267015,0.3,0.22501586326885684,5.77,0.0,0.0,-1.0,3.1668777772947414,1.6716724979361153,2.9182602838327134,0.302268667806492,0.3780687269833193,0.31176614752197895,20.889878117026182,0.0,0.0,0.0,0.0,0.3992953611274222,3.0,40000.0,151.21875,0.0,4.645458698272705,0.30615234375,0.0,0.0,0.0,11.0,0.0,0.0,0.0,0.0,0.0,0.0,0.0,0.0,0.0,0.0,0.0,0.0,log_0033_hardware_failure.bin
1.9569771121000719,2.726971990393113,1.6045980951658776,3.5976133346557617,4.702816486358643,3.1671361923217773,0.4684466580710009,0.0,-1.0,231.74131285501778,298.4359227707013,123.55882306922527,11.901623528513719,416.0,421.0,141481326.0,14.1171875,16.6875,2.5703125,0.3933183613260782,34.53231709327355,94.8125,11.37050747766734,-0.08281230926513672,0.1540262172284644,355961902.0,0.7076592270005444,0.81,14.020141535111595,12.0,1.0,-1.0,590.4694848824188,760.0,68.22323887816326,1502.212360468282,204.7994657140859,1900.0,6045.7700739192,151583704.0,0.0,0.0,6.5295863537713315,7.544017432292509,51.03,47.54,1.3703947726653964,1.28,-1.0,0.046060441056357204,0.29,0.014219983664579364,0.08,0.015916144840729653,0.25,0.051189763136400765,0.32,0.0,0.0,-1.0,1.3679427293423223,1.1353603530337273,0.7607678881160117,0.5265282898318856,0.2139347790785586,0.3117224513387724,0.2345231600503211,1.052804787413659,1.4818744659423828,0.1959010795281959,45.931244021034445,0.0,4.0,29260.0,179.42105263157896,0.0,5.074072360992432,0.18691396713256836,0.0,0.0,0.0,8.0,4.0,0.0,0.0,0.0,0.0,0.0,0.0,0.0,0.0,0.0,0.0,0.0,log_0037_mechanical_failure.bin
2.1852605971699095,3.891713628762287,4.323156483509667,4.940780162811279,9.519749641418457,14.833351135253906,3.0044391324875006,0.0,-1.0,269.9892739452986,287.3882391469769,46.17256801427459,6.852969237289665,76.0,53.0,81311523.0,10.086426734924316,11.873120307922363,1.7866935729980469,0.4703686635822172,13.173570454733012,37.307830810546875,9.989104254946552,0.0,0.15048222595755828,104417389.0,0.0,0.0,0.0,0.0,0.0,0.0,0.0,0.0,0.0,0.0,0.0,0.0,0.0,0.0,0.0,0.0,2.268342945475118,2.0408288933119967,14.03,12.93,0.34390410958904116,0.0,-1.0,0.018630136986301372,0.08,0.006472602739726028,0.02,0.005650684931506849,0.04,0.027979452054794515,0.1,0.0,0.0,-1.0,0.6570745279590068,0.8401015576673183,2.0940628376055868,0.19159746178161857,0.17400035030975666,0.04317532971031802,0.0,0.0,0.0,0.0,0.0,0.0,1.0,3001.0,0.0,0.0,4.996728420257568,0.17080068588256836,4.664000034332275,0.0,0.0,4.0,1.0,0.0,0.0,0.0,0.0,0.0,0.0,0.0,0.0,0.0,0.0,0.0,log_0038_mechanical_failure.bin
3.227927126698391,4.6546040329692095,5.138775262626678,6.8184380531311035,11.246562957763672,13.899109840393066,2.4408440727334626,0.0,-1.0,257.2912521856973,289.35272592460575,72.68016190230043,9.579648422523261,100.0,82.0,80572344.0,10.47703742980957,12.533601760864258,2.0565643310546875,0.18008593160244832,19.78457575143944,55.205448150634766,6.431826934297927,0.0,0.1640840654021926,158391201.0,0.0,0.0,0.0,0.0,0.0,0.0,0.0,0.0,0.0,0.0,0.0,0.0,0.0,0.0,0.0,0.0,2.8514927231825795,2.1658958155858925,14.54,10.97,0.3695287958115183,6.06,-1.0,0.02476439790575916,0.11,0.005560209424083769,0.03,0.006638743455497382,0.05,0.01718324607329843,0.23,0.0,0.0,-1.0,0.401492550662676,0.462526081383089,0.8175304411984742,0.14124956843221123,0.12294430016841341,0.035031304384389825,0.0,0.0,0.0,0.0,0.0,0.0,10.0,3242.0,0.0,0.0,4.929052829742432,0.24814414978027344,4.618000030517578,0.0,0.0,6.0,0.0,0.0,0.0,0.0,0.0,0.0,0.0,0.0,0.0,0.0,0.0,0.0,log_0039_mechanical_failure.bin
1.7164526580755175,1.5353757648125632,3.496842713496594,25.62885856628418,37.18154525756836,34.852874755859375,2.2759580522225495,0.0,381061867.0,0.0,0.0,0.0,0.0,0.0,0.0,0.0,11.785978317260742,12.48698616027832,0.7010078430175781,0.09815527914826325,3.753841178532632,15.290529251098633,2.704943599310814,11.785978317260742,0.056139074234543195,298322085.0,0.6448408163265306,0.75,17.660408163265306,15.0,1.0,-1.0,398.423487544484,1000.0,250.03160440958453,1500.6980640963072,199.69987144245778,2000.0,0.0,189982289.0,0.13844151618675776,0.0,25.5416626897089,8.50905755917824,177.81,86.7,7.5301078059492905,16.12,108.041753,0.11449191455380316,0.7,0.046536234777400674,0.39,0.03407067278897984,0.3,0.0,0.0,0.19924136554202435,0.0,-1.0,1.841253334551004,1.987959250146327,3.8805963156988903,0.7072369246572234,0.32908782901436434,0.4877739535395879,46.966162355620625,0.0,0.0,0.0,0.0,0.7759882869692533,4.0,79999.0,81.51020408163265,0.0,0.0,0.0,0.0,0.0,0.0,5.0,0.0,0.0,0.0,0.0,0.0,0.0,0.0,0.0,0.0,0.0,0.0,0.0,log_0040_mechanical_failure.bin
10.344903272348134,10.22028709188192,9.236784732170944,24.432647705078125,26.61619758605957,50.876495361328125,6.210388435887006,3363.0,143548024.0,414.8060985682785,437.8287336390795,87.34620911039485,12.467332286716026,770.0,655.0,65839002.0,12.316476821899414,16.381101608276367,4.064624786376953,0.6382236291213662,13.72343425330119,45.100460052490234,6.483020944997267,-0.9835233688354492,0.24812890387807296,143146793.0,0.8449662162162161,0.98,12.699324324324325,11.0,1.0,-1.0,206.16932270916334,811.0,158.12996197949613,1507.6697635135135,217.39085658082328,1954.0,3599.309391271447,99241869.0,0.037162162162162164,0.0,15.18637394019469,6.161540320404199,145.13,78.88,3.7958108108108113,1.23,77.50604,0.06084459459459459,0.7,0.021891891891891894,0.11,0.034679054054054054,0.3,0.042820945945945946,0.36,0.0,0.0,-1.0,0.9541655697845373,1.8167661292940926,3.4441167464904607,0.899189419163023,2.8966722679488868,1.5311040977733155,0.31577650208428903,0.799384400468778,8.781414985656738,1.855139984867463,195.35873720051478,0.04391891891891892,8.0,52067.0,464.6666666666667,0.0,4.871044635772705,0.19980478286743164,0.03800000250339508,0.0,0.0,6.0,0.0,0.0,0.0,0.0,0.0,0.0,0.0,0.0,0.0,0.0,0.0,0.0,log_0041_mechanical_failure.bin
1.1839465175391186,1.4334042635658313,6.044751381757399,10.770524024963379,24.15497589111328,41.343711853027344,7.830159913063403,13846.0,101546264.0,422.69879596561105,496.5752712328716,113.0417003423953,19.585313687077267,834.0,626.0,66095396.0,11.18,13.9,2.7200000000000006,0.8168949068884751,25.663293304221256,30.8,2.457471814767626,0.0,0.19568345323741013,-1.0,0.0,0.0,0.0,0.0,0.0,0.0,0.0,0.0,0.0,0.0,0.0,0.0,0.0,0.0,0.0,0.0,7.188600403262559,8.385312774104738,50.94,73.57,4.715403343023256,4.69,161.578457,0.0,0.0,0.0,0.0,0.0,0.0,0.0,0.0,0.0,0.0,0.0,1.580023204505788,1.5119281798388207,1.607429941764469,0.24308436348595597,0.38689877332767403,0.37340875348998886,0.0,0.0,0.0,0.0,0.0,0.0,526.0,5064.0,0.0,0.0,5.11,0.10999999999999943,5.0,4.0,0.0,17.0,0.0,1.0,0.0,0.0,0.0,0.0,0.0,0.0,0.0,0.0,0.0,0.0,log_0046_thrust_loss.bin
1.2866621059503887,1.5761770056745057,2.3102193288320656,45.579017639160156,49.82236862182617,41.328208923339844,5.6733501389097025,0.0,168899938.0,0.0,0.0,0.0,0.0,0.0,0.0,0.0,15.223037719726562,16.68367576599121,1.4606380462646484,0.3339674524505598,4.402684457213595,58.15867614746094,14.441583625646311,4.7230377197265625,0.08754893506394326,164397207.0,0.0,0.0,0.0,0.0,0.0,0.0,0.0,0.0,0.0,1062.5284653465346,187.32642574870064,1950.0,5389.257976748278,-1.0,0.06930693069306931,0.0,35.95649561953341,13.406741806369679,178.61,63.13,15.41188118811881,5.01,5.700002,0.0,0.0,0.11722772277227722,0.5,1.8048019801980197,12.79,0.0,0.0,1.0,0.0,-1.0,1.9485124979312116,3.785386920776794,4.8505669680555314,1.756971434716534,1.1979871638126292,0.8445097153262224,0.0688982144860311,0.34945911014389364,3.6999999715480953,0.48569777117917157,1333.9745294756106,0.0594059405940594,1.0,35002.0,183.5,0.0,nan,nan,nan,0.0,0.0,1.0,0.0,0.0,0.0,0.0,0.0,0.0,0.0,0.0,0.0,0.0,0.0,0.0,log_0047_thrust_loss.bin
2.341978385578053,6.318917688522834,1.0594315741167053,19.426633834838867,49.14669418334961,17.007497787475586,2.0545958715798758,0.0,-1.0,561.6511431734987,754.7827502003474,526.6073790491208,66.03335929221542,674.0,580.0,261005139.0,15.637855529785156,23.742464065551758,8.104608535766602,1.573222576024701,23.743847752715634,66.5167007446289,15.697169317998986,-5.96214485168457,0.34135498798229963,280218058.0,0.6352,0.71,16.72,15.0,1.0,-1.0,576.1649484536083,799.0,124.56138969326302,1353.8972081218274,282.33071985335937,1949.0,4692.928055692297,271071075.0,0.025380710659898477,0.0,12.245995840291469,3.3184718330518854,100.92,36.09,4.135888324873096,2.61,19.416554,0.10423857868020305,0.44,0.05761421319796954,0.14,0.015634517766497463,0.1,0.1354822335025381,1.73,0.0,0.0,-1.0,1.7190906996869868,3.0269250714167977,1.686356386438289,0.7219665447681384,1.0521364776168423,0.5996159050107899,0.1583449511983445,0.5488610652996281,0.8093271255493164,0.10044120435246906,43.41837809845924,0.01015228426395939,51.0,3840.0,586.5,0.0,5.020898342132568,0.2255859375,5.4734063148498535,2.0,2.0,2.0,0.0,0.0,0.0,0.0,0.0,0.0,0.0,0.0,0.0,0.0,0.0,0.0,bffc80e1da7d30ad042d9b8a0cdb06e01b0f1dbccae3589f415b1874502cb256
2.604366214413427,5.535396615643117,10.221377205661376,66.46726989746094,75.79864501953125,80.60626983642578,7.762871117200738,443.0,165819590.0,462.74724284525274,1099.188791791474,912.4911753096345,136.03876764093235,1181.0,903.0,95217256.0,12.609298706054688,15.652257919311523,3.042959213256836,0.6347761265734642,22.01325818428212,71.74040985107422,14.218521101858753,2.1092987060546875,0.19441023965638068,165119017.0,0.6850904977375565,0.8,16.391402714932127,13.0,1.0,-1.0,363.71811224489795,819.0,186.69407306297794,1383.2386064030131,201.2242598835095,1954.0,4418.371439669462,112718499.0,0.020338983050847456,0.0,11.415236910277835,10.777537619809724,173.4,71.74,3.9934237288135597,1.62,87.940859,0.5754011299435029,5.01,0.5549491525423729,6.32,0.0372542372881356,0.39,1.546045197740113,6.66,0.0022598870056497176,0.0,165519300.0,3.4828988694343086,3.2914894399245695,2.512997746339191,0.9002104330699704,0.7305002493361374,0.6194789760935017,0.18772860363929528,0.6016948943154129,5.7226667404174805,1.6220930973029701,100.18178946307368,0.0,12.0,217196.0,456.4,0.0,5.062792778015137,0.185302734375,0.0,6.0,3.0,4.0,2.0,0.0,0.0,0.0,0.0,0.0,0.0,0.0,0.0,0.0,0.0,0.0,01803ce998a260eb56293a2e805ce3350a9b3d1fe00fb0a90bedc149849e611e
